date,channel,onboarded
2024-01-01,Organic,47
2024-01-01,Google,28
2024-01-01,LinkedIn,35
2024-01-01,Facebook,16
2024-01-01,Referral,9
2024-01-01,Email,2
2024-01-01,Direct,10
2024-01-01,Partner,4
2024-01-02,Organic,41
2024-01-02,Google,28
2024-01-02,LinkedIn,27
2024-01-02,Facebook,8
2024-01-02,Referral,17
2024-01-02,Email,2
2024-01-02,Direct,13
2024-01-02,Partner,12
2024-01-03,Organic,49
2024-01-03,Google,24
2024-01-03,LinkedIn,10
2024-01-03,Facebook,15
2024-01-03,Referral,13
2024-01-03,Email,2
2024-01-03,Direct,14
2024-01-03,Partner,27
2024-01-04,Organic,54
2024-01-04,Google,31
2024-01-04,LinkedIn,18
2024-01-04,Facebook,4
2024-01-04,Referral,13
2024-01-04,Email,4
2024-01-04,Direct,6
2024-01-04,Partner,16
2024-01-05,Organic,50
2024-01-05,Google,20
2024-01-05,LinkedIn,39
2024-01-05,Facebook,12
2024-01-05,Referral,9
2024-01-05,Email,6
2024-01-05,Direct,6
2024-01-05,Partner,8
2024-01-06,Organic,42
2024-01-06,Google,24
2024-01-06,LinkedIn,23
2024-01-06,Facebook,15
2024-01-06,Referral,15
2024-01-06,Email,4
2024-01-06,Direct,11
2024-01-06,Partner,21
2024-01-07,Organic,44
2024-01-07,Google,31
2024-01-07,LinkedIn,28
2024-01-07,Facebook,8
2024-01-07,Referral,17
2024-01-07,Email,15
2024-01-07,Direct,1
2024-01-07,Partner,4
2024-01-08,Organic,54
2024-01-08,Google,24
2024-01-08,LinkedIn,28
2024-01-08,Facebook,12
2024-01-08,Referral,15
2024-01-08,Email,2
2024-01-08,Direct,10
2024-01-08,Partner,16
2024-01-09,Organic,37
2024-01-09,Google,18
2024-01-09,LinkedIn,25
2024-01-09,Facebook,8
2024-01-09,Referral,19
2024-01-09,Email,2
2024-01-09,Direct,2
2024-01-09,Partner,16
2024-01-10,Organic,45
2024-01-10,Google,23
2024-01-10,LinkedIn,7
2024-01-10,Facebook,11
2024-01-10,Referral,11
2024-01-10,Email,2
2024-01-10,Direct,5
2024-01-10,Partner,20
2024-01-11,Organic,41
2024-01-11,Google,29
2024-01-11,LinkedIn,22
2024-01-11,Facebook,20
2024-01-11,Referral,8
2024-01-11,Email,5
2024-01-11,Direct,1
2024-01-11,Partner,4
2024-01-12,Organic,44
2024-01-12,Google,33
2024-01-12,LinkedIn,24
2024-01-12,Facebook,18
2024-01-12,Referral,20
2024-01-12,Email,16
2024-01-12,Direct,1
2024-01-12,Partner,24
2024-01-13,Organic,58
2024-01-13,Google,28
2024-01-13,LinkedIn,23
2024-01-13,Facebook,9
2024-01-13,Referral,23
2024-01-13,Email,2
2024-01-13,Direct,13
2024-01-13,Partner,6
2024-01-14,Organic,58
2024-01-14,Google,36
2024-01-14,LinkedIn,24
2024-01-14,Facebook,15
2024-01-14,Referral,24
2024-01-14,Email,12
2024-01-14,Direct,6
2024-01-14,Partner,12
2024-01-15,Organic,31
2024-01-15,Google,36
2024-01-15,LinkedIn,9
2024-01-15,Facebook,4
2024-01-15,Referral,24
2024-01-15,Email,17
2024-01-15,Direct,9
2024-01-15,Partner,22
2024-01-16,Organic,38
2024-01-16,Google,22
2024-01-16,LinkedIn,7
2024-01-16,Facebook,12
2024-01-16,Referral,7
2024-01-16,Email,2
2024-01-16,Direct,3
2024-01-16,Partner,16
2024-01-17,Organic,49
2024-01-17,Google,28
2024-01-17,LinkedIn,34
2024-01-17,Facebook,9
2024-01-17,Referral,17
2024-01-17,Email,4
2024-01-17,Direct,5
2024-01-17,Partner,27
2024-01-18,Organic,51
2024-01-18,Google,39
2024-01-18,LinkedIn,31
2024-01-18,Facebook,13
2024-01-18,Referral,30
2024-01-18,Email,15
2024-01-18,Direct,2
2024-01-18,Partner,4
2024-01-19,Organic,31
2024-01-19,Google,28
2024-01-19,LinkedIn,16
2024-01-19,Facebook,12
2024-01-19,Referral,23
2024-01-19,Email,5
2024-01-19,Direct,6
2024-01-19,Partner,4
2024-01-20,Organic,41
2024-01-20,Google,23
2024-01-20,LinkedIn,28
2024-01-20,Facebook,10
2024-01-20,Referral,24
2024-01-20,Email,2
2024-01-20,Direct,3
2024-01-20,Partner,6
2024-01-21,Organic,38
2024-01-21,Google,20
2024-01-21,LinkedIn,41
2024-01-21,Facebook,19
2024-01-21,Referral,15
2024-01-21,Email,2
2024-01-21,Direct,13
2024-01-21,Partner,12
2024-01-22,Organic,31
2024-01-22,Google,32
2024-01-22,LinkedIn,39
2024-01-22,Facebook,14
2024-01-22,Referral,14
2024-01-22,Email,4
2024-01-22,Direct,14
2024-01-22,Partner,4
2024-01-23,Organic,45
2024-01-23,Google,29
2024-01-23,LinkedIn,26
2024-01-23,Facebook,15
2024-01-23,Referral,24
2024-01-23,Email,2
2024-01-23,Direct,10
2024-01-23,Partner,6
2024-01-24,Organic,32
2024-01-24,Google,36
2024-01-24,LinkedIn,11
2024-01-24,Facebook,15
2024-01-24,Referral,31
2024-01-24,Email,8
2024-01-24,Direct,3
2024-01-24,Partner,48
2024-01-25,Organic,49
2024-01-25,Google,39
2024-01-25,LinkedIn,28
2024-01-25,Facebook,9
2024-01-25,Referral,9
2024-01-25,Email,19
2024-01-25,Direct,9
2024-01-25,Partner,24
2024-01-26,Organic,50
2024-01-26,Google,13
2024-01-26,LinkedIn,22
2024-01-26,Facebook,6
2024-01-26,Referral,12
2024-01-26,Email,2
2024-01-26,Direct,10
2024-01-26,Partner,7
2024-01-27,Organic,54
2024-01-27,Google,11
2024-01-27,LinkedIn,19
2024-01-27,Facebook,12
2024-01-27,Referral,27
2024-01-27,Email,2
2024-01-27,Direct,11
2024-01-27,Partner,4
2024-01-28,Organic,31
2024-01-28,Google,22
2024-01-28,LinkedIn,22
2024-01-28,Facebook,17
2024-01-28,Referral,12
2024-01-28,Email,7
2024-01-28,Direct,10
2024-01-28,Partner,4
2024-01-29,Organic,59
2024-01-29,Google,32
2024-01-29,LinkedIn,11
2024-01-29,Facebook,9
2024-01-29,Referral,35
2024-01-29,Email,13
2024-01-29,Direct,18
2024-01-29,Partner,30
2024-01-30,Organic,30
2024-01-30,Google,22
2024-01-30,LinkedIn,15
2024-01-30,Facebook,18
2024-01-30,Referral,3
2024-01-30,Email,7
2024-01-30,Direct,10
2024-01-30,Partner,4
2024-01-31,Organic,37
2024-01-31,Google,28
2024-01-31,LinkedIn,28
2024-01-31,Facebook,10
2024-01-31,Referral,23
2024-01-31,Email,12
2024-01-31,Direct,14
2024-01-31,Partner,12
2024-02-01,Organic,43
2024-02-01,Google,32
2024-02-01,LinkedIn,7
2024-02-01,Facebook,25
2024-02-01,Referral,35
2024-02-01,Email,12
2024-02-01,Direct,9
2024-02-01,Partner,23
2024-02-02,Organic,63
2024-02-02,Google,24
2024-02-02,LinkedIn,12
2024-02-02,Facebook,12
2024-02-02,Referral,13
2024-02-02,Email,2
2024-02-02,Direct,8
2024-02-02,Partner,10
2024-02-03,Organic,40
2024-02-03,Google,24
2024-02-03,LinkedIn,46
2024-02-03,Facebook,15
2024-02-03,Referral,9
2024-02-03,Email,13
2024-02-03,Direct,7
2024-02-03,Partner,17
2024-02-04,Organic,37
2024-02-04,Google,29
2024-02-04,LinkedIn,25
2024-02-04,Facebook,8
2024-02-04,Referral,34
2024-02-04,Email,15
2024-02-04,Direct,14
2024-02-04,Partner,16
2024-02-05,Organic,43
2024-02-05,Google,32
2024-02-05,LinkedIn,22
2024-02-05,Facebook,15
2024-02-05,Referral,12
2024-02-05,Email,2
2024-02-05,Direct,16
2024-02-05,Partner,4
2024-02-06,Organic,51
2024-02-06,Google,21
2024-02-06,LinkedIn,22
2024-02-06,Facebook,10
2024-02-06,Referral,3
2024-02-06,Email,2
2024-02-06,Direct,1
2024-02-06,Partner,21
2024-02-07,Organic,34
2024-02-07,Google,39
2024-02-07,LinkedIn,3
2024-02-07,Facebook,19
2024-02-07,Referral,14
2024-02-07,Email,2
2024-02-07,Direct,18
2024-02-07,Partner,29
2024-02-08,Organic,50
2024-02-08,Google,24
2024-02-08,LinkedIn,27
2024-02-08,Facebook,15
2024-02-08,Referral,12
2024-02-08,Email,8
2024-02-08,Direct,9
2024-02-08,Partner,4
2024-02-09,Organic,50
2024-02-09,Google,32
2024-02-09,LinkedIn,38
2024-02-09,Facebook,15
2024-02-09,Referral,16
2024-02-09,Email,16
2024-02-09,Direct,12
2024-02-09,Partner,30
2024-02-10,Organic,48
2024-02-10,Google,31
2024-02-10,LinkedIn,5
2024-02-10,Facebook,15
2024-02-10,Referral,24
2024-02-10,Email,15
2024-02-10,Direct,10
2024-02-10,Partner,23
2024-02-11,Organic,34
2024-02-11,Google,18
2024-02-11,LinkedIn,21
2024-02-11,Facebook,12
2024-02-11,Referral,8
2024-02-11,Email,10
2024-02-11,Direct,6
2024-02-11,Partner,14
2024-02-12,Organic,58
2024-02-12,Google,24
2024-02-12,LinkedIn,34
2024-02-12,Facebook,6
2024-02-12,Referral,17
2024-02-12,Email,16
2024-02-12,Direct,13
2024-02-12,Partner,8
2024-02-13,Organic,50
2024-02-13,Google,31
2024-02-13,LinkedIn,9
2024-02-13,Facebook,15
2024-02-13,Referral,14
2024-02-13,Email,8
2024-02-13,Direct,2
2024-02-13,Partner,18
2024-02-14,Organic,43
2024-02-14,Google,30
2024-02-14,LinkedIn,3
2024-02-14,Facebook,9
2024-02-14,Referral,14
2024-02-14,Email,8
2024-02-14,Direct,14
2024-02-14,Partner,4
2024-02-15,Organic,47
2024-02-15,Google,21
2024-02-15,LinkedIn,3
2024-02-15,Facebook,6
2024-02-15,Referral,17
2024-02-15,Email,23
2024-02-15,Direct,1
2024-02-15,Partner,4
2024-02-16,Organic,44
2024-02-16,Google,33
2024-02-16,LinkedIn,16
2024-02-16,Facebook,12
2024-02-16,Referral,3
2024-02-16,Email,12
2024-02-16,Direct,24
2024-02-16,Partner,15
2024-02-17,Organic,49
2024-02-17,Google,24
2024-02-17,LinkedIn,8
2024-02-17,Facebook,22
2024-02-17,Referral,27
2024-02-17,Email,21
2024-02-17,Direct,13
2024-02-17,Partner,4
2024-02-18,Organic,46
2024-02-18,Google,36
2024-02-18,LinkedIn,3
2024-02-18,Facebook,20
2024-02-18,Referral,9
2024-02-18,Email,13
2024-02-18,Direct,16
2024-02-18,Partner,4
2024-02-19,Organic,44
2024-02-19,Google,24
2024-02-19,LinkedIn,3
2024-02-19,Facebook,11
2024-02-19,Referral,16
2024-02-19,Email,18
2024-02-19,Direct,2
2024-02-19,Partner,4
2024-02-20,Organic,36
2024-02-20,Google,14
2024-02-20,LinkedIn,13
2024-02-20,Facebook,15
2024-02-20,Referral,18
2024-02-20,Email,10
2024-02-20,Direct,3
2024-02-20,Partner,26
2024-02-21,Organic,43
2024-02-21,Google,34
2024-02-21,LinkedIn,8
2024-02-21,Facebook,15
2024-02-21,Referral,15
2024-02-21,Email,2
2024-02-21,Direct,15
2024-02-21,Partner,4
2024-02-22,Organic,34
2024-02-22,Google,27
2024-02-22,LinkedIn,19
2024-02-22,Facebook,13
2024-02-22,Referral,3
2024-02-22,Email,6
2024-02-22,Direct,7
2024-02-22,Partner,4
2024-02-23,Organic,43
2024-02-23,Google,32
2024-02-23,LinkedIn,26
2024-02-23,Facebook,7
2024-02-23,Referral,19
2024-02-23,Email,9
2024-02-23,Direct,12
2024-02-23,Partner,16
2024-02-24,Organic,47
2024-02-24,Google,24
2024-02-24,LinkedIn,8
2024-02-24,Facebook,18
2024-02-24,Referral,28
2024-02-24,Email,2
2024-02-24,Direct,10
2024-02-24,Partner,12
2024-02-25,Organic,48
2024-02-25,Google,36
2024-02-25,LinkedIn,18
2024-02-25,Facebook,14
2024-02-25,Referral,4
2024-02-25,Email,2
2024-02-25,Direct,10
2024-02-25,Partner,20
2024-02-26,Organic,41
2024-02-26,Google,39
2024-02-26,LinkedIn,21
2024-02-26,Facebook,5
2024-02-26,Referral,11
2024-02-26,Email,2
2024-02-26,Direct,14
2024-02-26,Partner,12
2024-02-27,Organic,41
2024-02-27,Google,32
2024-02-27,LinkedIn,11
2024-02-27,Facebook,8
2024-02-27,Referral,23
2024-02-27,Email,17
2024-02-27,Direct,16
2024-02-27,Partner,18
2024-02-28,Organic,32
2024-02-28,Google,36
2024-02-28,LinkedIn,35
2024-02-28,Facebook,22
2024-02-28,Referral,15
2024-02-28,Email,19
2024-02-28,Direct,9
2024-02-28,Partner,29
2024-02-29,Organic,49
2024-02-29,Google,34
2024-02-29,LinkedIn,31
2024-02-29,Facebook,4
2024-02-29,Referral,16
2024-02-29,Email,2
2024-02-29,Direct,7
2024-02-29,Partner,15
2024-03-01,Organic,44
2024-03-01,Google,29
2024-03-01,LinkedIn,22
2024-03-01,Facebook,13
2024-03-01,Referral,24
2024-03-01,Email,2
2024-03-01,Direct,9
2024-03-01,Partner,4
2024-03-02,Organic,42
2024-03-02,Google,24
2024-03-02,LinkedIn,11
2024-03-02,Facebook,8
2024-03-02,Referral,9
2024-03-02,Email,21
2024-03-02,Direct,14
2024-03-02,Partner,4
2024-03-03,Organic,36
2024-03-03,Google,27
2024-03-03,LinkedIn,8
2024-03-03,Facebook,18
2024-03-03,Referral,9
2024-03-03,Email,2
2024-03-03,Direct,3
2024-03-03,Partner,15
2024-03-04,Organic,43
2024-03-04,Google,24
2024-03-04,LinkedIn,8
2024-03-04,Facebook,12
2024-03-04,Referral,7
2024-03-04,Email,16
2024-03-04,Direct,10
2024-03-04,Partner,4
2024-03-05,Organic,43
2024-03-05,Google,26
2024-03-05,LinkedIn,20
2024-03-05,Facebook,14
2024-03-05,Referral,19
2024-03-05,Email,2
2024-03-05,Direct,11
2024-03-05,Partner,6
2024-03-06,Organic,35
2024-03-06,Google,23
2024-03-06,LinkedIn,15
2024-03-06,Facebook,11
2024-03-06,Referral,14
2024-03-06,Email,18
2024-03-06,Direct,6
2024-03-06,Partner,12
2024-03-07,Organic,45
2024-03-07,Google,41
2024-03-07,LinkedIn,26
2024-03-07,Facebook,16
2024-03-07,Referral,14
2024-03-07,Email,2
2024-03-07,Direct,5
2024-03-07,Partner,8
2024-03-08,Organic,50
2024-03-08,Google,32
2024-03-08,LinkedIn,9
2024-03-08,Facebook,22
2024-03-08,Referral,3
2024-03-08,Email,5
2024-03-08,Direct,14
2024-03-08,Partner,31
2024-03-09,Organic,44
2024-03-09,Google,36
2024-03-09,LinkedIn,21
2024-03-09,Facebook,15
2024-03-09,Referral,14
2024-03-09,Email,15
2024-03-09,Direct,17
2024-03-09,Partner,6
2024-03-10,Organic,42
2024-03-10,Google,16
2024-03-10,LinkedIn,15
2024-03-10,Facebook,14
2024-03-10,Referral,3
2024-03-10,Email,2
2024-03-10,Direct,6
2024-03-10,Partner,19
2024-03-11,Organic,39
2024-03-11,Google,34
2024-03-11,LinkedIn,14
2024-03-11,Facebook,13
2024-03-11,Referral,19
2024-03-11,Email,14
2024-03-11,Direct,13
2024-03-11,Partner,15
2024-03-12,Organic,51
2024-03-12,Google,32
2024-03-12,LinkedIn,15
2024-03-12,Facebook,10
2024-03-12,Referral,17
2024-03-12,Email,14
2024-03-12,Direct,2
2024-03-12,Partner,11
2024-03-13,Organic,42
2024-03-13,Google,19
2024-03-13,LinkedIn,18
2024-03-13,Facebook,9
2024-03-13,Referral,30
2024-03-13,Email,12
2024-03-13,Direct,3
2024-03-13,Partner,29
2024-03-14,Organic,45
2024-03-14,Google,14
2024-03-14,LinkedIn,32
2024-03-14,Facebook,13
2024-03-14,Referral,4
2024-03-14,Email,8
2024-03-14,Direct,3
2024-03-14,Partner,4
2024-03-15,Organic,24
2024-03-15,Google,20
2024-03-15,LinkedIn,48
2024-03-15,Facebook,5
2024-03-15,Referral,3
2024-03-15,Email,2
2024-03-15,Direct,21
2024-03-15,Partner,4
2024-03-16,Organic,42
2024-03-16,Google,38
2024-03-16,LinkedIn,21
2024-03-16,Facebook,8
2024-03-16,Referral,17
2024-03-16,Email,4
2024-03-16,Direct,15
2024-03-16,Partner,9
2024-03-17,Organic,27
2024-03-17,Google,49
2024-03-17,LinkedIn,17
2024-03-17,Facebook,19
2024-03-17,Referral,4
2024-03-17,Email,2
2024-03-17,Direct,21
2024-03-17,Partner,15
2024-03-18,Organic,42
2024-03-18,Google,26
2024-03-18,LinkedIn,24
2024-03-18,Facebook,15
2024-03-18,Referral,9
2024-03-18,Email,6
2024-03-18,Direct,9
2024-03-18,Partner,18
2024-03-19,Organic,47
2024-03-19,Google,24
2024-03-19,LinkedIn,18
2024-03-19,Facebook,11
2024-03-19,Referral,6
2024-03-19,Email,11
2024-03-19,Direct,11
2024-03-19,Partner,38
2024-03-20,Organic,46
2024-03-20,Google,25
2024-03-20,LinkedIn,10
2024-03-20,Facebook,6
2024-03-20,Referral,6
2024-03-20,Email,17
2024-03-20,Direct,10
2024-03-20,Partner,12
2024-03-21,Organic,49
2024-03-21,Google,29
2024-03-21,LinkedIn,10
2024-03-21,Facebook,11
2024-03-21,Referral,3
2024-03-21,Email,8
2024-03-21,Direct,16
2024-03-21,Partner,6
2024-03-22,Organic,48
2024-03-22,Google,33
2024-03-22,LinkedIn,19
2024-03-22,Facebook,11
2024-03-22,Referral,20
2024-03-22,Email,12
2024-03-22,Direct,7
2024-03-22,Partner,4
2024-03-23,Organic,42
2024-03-23,Google,25
2024-03-23,LinkedIn,9
2024-03-23,Facebook,13
2024-03-23,Referral,28
2024-03-23,Email,2
2024-03-23,Direct,14
2024-03-23,Partner,11
2024-03-24,Organic,31
2024-03-24,Google,23
2024-03-24,LinkedIn,10
2024-03-24,Facebook,12
2024-03-24,Referral,3
2024-03-24,Email,2
2024-03-24,Direct,10
2024-03-24,Partner,5
2024-03-25,Organic,53
2024-03-25,Google,22
2024-03-25,LinkedIn,8
2024-03-25,Facebook,22
2024-03-25,Referral,9
2024-03-25,Email,9
2024-03-25,Direct,7
2024-03-25,Partner,4
2024-03-26,Organic,41
2024-03-26,Google,32
2024-03-26,LinkedIn,18
2024-03-26,Facebook,14
2024-03-26,Referral,19
2024-03-26,Email,8
2024-03-26,Direct,10
2024-03-26,Partner,4
2024-03-27,Organic,34
2024-03-27,Google,32
2024-03-27,LinkedIn,41
2024-03-27,Facebook,12
2024-03-27,Referral,9
2024-03-27,Email,19
2024-03-27,Direct,15
2024-03-27,Partner,4
2024-03-28,Organic,44
2024-03-28,Google,22
2024-03-28,LinkedIn,13
2024-03-28,Facebook,6
2024-03-28,Referral,13
2024-03-28,Email,2
2024-03-28,Direct,9
2024-03-28,Partner,22
2024-03-29,Organic,33
2024-03-29,Google,22
2024-03-29,LinkedIn,10
2024-03-29,Facebook,18
2024-03-29,Referral,22
2024-03-29,Email,2
2024-03-29,Direct,15
2024-03-29,Partner,4
2024-03-30,Organic,50
2024-03-30,Google,32
2024-03-30,LinkedIn,4
2024-03-30,Facebook,13
2024-03-30,Referral,23
2024-03-30,Email,2
2024-03-30,Direct,9
2024-03-30,Partner,4
2024-03-31,Organic,41
2024-03-31,Google,30
2024-03-31,LinkedIn,13
2024-03-31,Facebook,11
2024-03-31,Referral,15
2024-03-31,Email,13
2024-03-31,Direct,10
2024-03-31,Partner,6
2024-04-01,Organic,60
2024-04-01,Google,41
2024-04-01,LinkedIn,6
2024-04-01,Facebook,12
2024-04-01,Referral,7
2024-04-01,Email,8
2024-04-01,Direct,5
2024-04-01,Partner,4
2024-04-02,Organic,42
2024-04-02,Google,33
2024-04-02,LinkedIn,5
2024-04-02,Facebook,18
2024-04-02,Referral,19
2024-04-02,Email,19
2024-04-02,Direct,10
2024-04-02,Partner,10
2024-04-03,Organic,45
2024-04-03,Google,24
2024-04-03,LinkedIn,9
2024-04-03,Facebook,14
2024-04-03,Referral,30
2024-04-03,Email,18
2024-04-03,Direct,14
2024-04-03,Partner,30
2024-04-04,Organic,42
2024-04-04,Google,30
2024-04-04,LinkedIn,3
2024-04-04,Facebook,15
2024-04-04,Referral,32
2024-04-04,Email,8
2024-04-04,Direct,18
2024-04-04,Partner,4
2024-04-05,Organic,40
2024-04-05,Google,30
2024-04-05,LinkedIn,15
2024-04-05,Facebook,16
2024-04-05,Referral,12
2024-04-05,Email,15
2024-04-05,Direct,4
2024-04-05,Partner,10
2024-04-06,Organic,50
2024-04-06,Google,27
2024-04-06,LinkedIn,17
2024-04-06,Facebook,1
2024-04-06,Referral,10
2024-04-06,Email,8
2024-04-06,Direct,17
2024-04-06,Partner,11
2024-04-07,Organic,43
2024-04-07,Google,33
2024-04-07,LinkedIn,11
2024-04-07,Facebook,15
2024-04-07,Referral,21
2024-04-07,Email,5
2024-04-07,Direct,6
2024-04-07,Partner,4
2024-04-08,Organic,38
2024-04-08,Google,38
2024-04-08,LinkedIn,22
2024-04-08,Facebook,4
2024-04-08,Referral,5
2024-04-08,Email,9
2024-04-08,Direct,1
2024-04-08,Partner,28
2024-04-09,Organic,24
2024-04-09,Google,28
2024-04-09,LinkedIn,7
2024-04-09,Facebook,11
2024-04-09,Referral,3
2024-04-09,Email,10
2024-04-09,Direct,17
2024-04-09,Partner,22
2024-04-10,Organic,46
2024-04-10,Google,31
2024-04-10,LinkedIn,8
2024-04-10,Facebook,12
2024-04-10,Referral,21
2024-04-10,Email,2
2024-04-10,Direct,4
2024-04-10,Partner,8
2024-04-11,Organic,48
2024-04-11,Google,27
2024-04-11,LinkedIn,21
2024-04-11,Facebook,20
2024-04-11,Referral,22
2024-04-11,Email,2
2024-04-11,Direct,17
2024-04-11,Partner,5
2024-04-12,Organic,37
2024-04-12,Google,24
2024-04-12,LinkedIn,3
2024-04-12,Facebook,13
2024-04-12,Referral,24
2024-04-12,Email,2
2024-04-12,Direct,1
2024-04-12,Partner,6
2024-04-13,Organic,46
2024-04-13,Google,28
2024-04-13,LinkedIn,3
2024-04-13,Facebook,12
2024-04-13,Referral,22
2024-04-13,Email,5
2024-04-13,Direct,13
2024-04-13,Partner,18
2024-04-14,Organic,52
2024-04-14,Google,24
2024-04-14,LinkedIn,5
2024-04-14,Facebook,18
2024-04-14,Referral,3
2024-04-14,Email,2
2024-04-14,Direct,18
2024-04-14,Partner,34
2024-04-15,Organic,25
2024-04-15,Google,20
2024-04-15,LinkedIn,28
2024-04-15,Facebook,11
2024-04-15,Referral,3
2024-04-15,Email,15
2024-04-15,Direct,14
2024-04-15,Partner,16
2024-04-16,Organic,58
2024-04-16,Google,25
2024-04-16,LinkedIn,22
2024-04-16,Facebook,18
2024-04-16,Referral,7
2024-04-16,Email,6
2024-04-16,Direct,3
2024-04-16,Partner,22
2024-04-17,Organic,52
2024-04-17,Google,28
2024-04-17,LinkedIn,10
2024-04-17,Facebook,12
2024-04-17,Referral,27
2024-04-17,Email,2
2024-04-17,Direct,6
2024-04-17,Partner,5
2024-04-18,Organic,41
2024-04-18,Google,30
2024-04-18,LinkedIn,34
2024-04-18,Facebook,12
2024-04-18,Referral,18
2024-04-18,Email,8
2024-04-18,Direct,12
2024-04-18,Partner,4
2024-04-19,Organic,35
2024-04-19,Google,25
2024-04-19,LinkedIn,14
2024-04-19,Facebook,18
2024-04-19,Referral,34
2024-04-19,Email,21
2024-04-19,Direct,3
2024-04-19,Partner,15
2024-04-20,Organic,45
2024-04-20,Google,34
2024-04-20,LinkedIn,9
2024-04-20,Facebook,12
2024-04-20,Referral,16
2024-04-20,Email,2
2024-04-20,Direct,7
2024-04-20,Partner,4
2024-04-21,Organic,45
2024-04-21,Google,32
2024-04-21,LinkedIn,28
2024-04-21,Facebook,20
2024-04-21,Referral,9
2024-04-21,Email,2
2024-04-21,Direct,1
2024-04-21,Partner,31
2024-04-22,Organic,39
2024-04-22,Google,30
2024-04-22,LinkedIn,11
2024-04-22,Facebook,15
2024-04-22,Referral,26
2024-04-22,Email,2
2024-04-22,Direct,1
2024-04-22,Partner,4
2024-04-23,Organic,45
2024-04-23,Google,32
2024-04-23,LinkedIn,28
2024-04-23,Facebook,19
2024-04-23,Referral,7
2024-04-23,Email,2
2024-04-23,Direct,13
2024-04-23,Partner,4
2024-04-24,Organic,45
2024-04-24,Google,33
2024-04-24,LinkedIn,6
2024-04-24,Facebook,21
2024-04-24,Referral,32
2024-04-24,Email,4
2024-04-24,Direct,1
2024-04-24,Partner,13
2024-04-25,Organic,31
2024-04-25,Google,20
2024-04-25,LinkedIn,39
2024-04-25,Facebook,16
2024-04-25,Referral,14
2024-04-25,Email,8
2024-04-25,Direct,10
2024-04-25,Partner,12
2024-04-26,Organic,49
2024-04-26,Google,33
2024-04-26,LinkedIn,3
2024-04-26,Facebook,9
2024-04-26,Referral,3
2024-04-26,Email,13
2024-04-26,Direct,1
2024-04-26,Partner,4
2024-04-27,Organic,40
2024-04-27,Google,32
2024-04-27,LinkedIn,11
2024-04-27,Facebook,14
2024-04-27,Referral,17
2024-04-27,Email,8
2024-04-27,Direct,14
2024-04-27,Partner,27
2024-04-28,Organic,50
2024-04-28,Google,28
2024-04-28,LinkedIn,16
2024-04-28,Facebook,9
2024-04-28,Referral,3
2024-04-28,Email,10
2024-04-28,Direct,10
2024-04-28,Partner,18
2024-04-29,Organic,55
2024-04-29,Google,25
2024-04-29,LinkedIn,3
2024-04-29,Facebook,8
2024-04-29,Referral,22
2024-04-29,Email,2
2024-04-29,Direct,2
2024-04-29,Partner,4
2024-04-30,Organic,54
2024-04-30,Google,27
2024-04-30,LinkedIn,22
2024-04-30,Facebook,8
2024-04-30,Referral,22
2024-04-30,Email,15
2024-04-30,Direct,8
2024-04-30,Partner,9
2024-05-01,Organic,41
2024-05-01,Google,19
2024-05-01,LinkedIn,5
2024-05-01,Facebook,9
2024-05-01,Referral,39
2024-05-01,Email,19
2024-05-01,Direct,4
2024-05-01,Partner,4
2024-05-02,Organic,32
2024-05-02,Google,34
2024-05-02,LinkedIn,5
2024-05-02,Facebook,6
2024-05-02,Referral,32
2024-05-02,Email,11
2024-05-02,Direct,15
2024-05-02,Partner,4
2024-05-03,Organic,50
2024-05-03,Google,31
2024-05-03,LinkedIn,34
2024-05-03,Facebook,8
2024-05-03,Referral,24
2024-05-03,Email,23
2024-05-03,Direct,1
2024-05-03,Partner,4
2024-05-04,Organic,54
2024-05-04,Google,30
2024-05-04,LinkedIn,31
2024-05-04,Facebook,15
2024-05-04,Referral,24
2024-05-04,Email,12
2024-05-04,Direct,1
2024-05-04,Partner,33
2024-05-05,Organic,54
2024-05-05,Google,33
2024-05-05,LinkedIn,22
2024-05-05,Facebook,7
2024-05-05,Referral,14
2024-05-05,Email,18
2024-05-05,Direct,10
2024-05-05,Partner,22
2024-05-06,Organic,42
2024-05-06,Google,33
2024-05-06,LinkedIn,19
2024-05-06,Facebook,13
2024-05-06,Referral,6
2024-05-06,Email,2
2024-05-06,Direct,3
2024-05-06,Partner,5
2024-05-07,Organic,33
2024-05-07,Google,34
2024-05-07,LinkedIn,33
2024-05-07,Facebook,14
2024-05-07,Referral,9
2024-05-07,Email,5
2024-05-07,Direct,8
2024-05-07,Partner,22
2024-05-08,Organic,36
2024-05-08,Google,37
2024-05-08,LinkedIn,14
2024-05-08,Facebook,18
2024-05-08,Referral,36
2024-05-08,Email,2
2024-05-08,Direct,24
2024-05-08,Partner,4
2024-05-09,Organic,51
2024-05-09,Google,32
2024-05-09,LinkedIn,18
2024-05-09,Facebook,15
2024-05-09,Referral,20
2024-05-09,Email,23
2024-05-09,Direct,6
2024-05-09,Partner,21
2024-05-10,Organic,45
2024-05-10,Google,22
2024-05-10,LinkedIn,3
2024-05-10,Facebook,9
2024-05-10,Referral,35
2024-05-10,Email,2
2024-05-10,Direct,8
2024-05-10,Partner,4
2024-05-11,Organic,42
2024-05-11,Google,28
2024-05-11,LinkedIn,7
2024-05-11,Facebook,8
2024-05-11,Referral,13
2024-05-11,Email,2
2024-05-11,Direct,1
2024-05-11,Partner,4
2024-05-12,Organic,43
2024-05-12,Google,25
2024-05-12,LinkedIn,10
2024-05-12,Facebook,11
2024-05-12,Referral,31
2024-05-12,Email,5
2024-05-12,Direct,15
2024-05-12,Partner,4
2024-05-13,Organic,44
2024-05-13,Google,32
2024-05-13,LinkedIn,34
2024-05-13,Facebook,15
2024-05-13,Referral,9
2024-05-13,Email,3
2024-05-13,Direct,9
2024-05-13,Partner,4
2024-05-14,Organic,48
2024-05-14,Google,32
2024-05-14,LinkedIn,3
2024-05-14,Facebook,13
2024-05-14,Referral,13
2024-05-14,Email,4
2024-05-14,Direct,7
2024-05-14,Partner,9
2024-05-15,Organic,41
2024-05-15,Google,27
2024-05-15,LinkedIn,16
2024-05-15,Facebook,11
2024-05-15,Referral,10
2024-05-15,Email,2
2024-05-15,Direct,4
2024-05-15,Partner,27
2024-05-16,Organic,58
2024-05-16,Google,25
2024-05-16,LinkedIn,23
2024-05-16,Facebook,20
2024-05-16,Referral,23
2024-05-16,Email,21
2024-05-16,Direct,1
2024-05-16,Partner,14
2024-05-17,Organic,50
2024-05-17,Google,21
2024-05-17,LinkedIn,13
2024-05-17,Facebook,10
2024-05-17,Referral,3
2024-05-17,Email,8
2024-05-17,Direct,3
2024-05-17,Partner,27
2024-05-18,Organic,45
2024-05-18,Google,22
2024-05-18,LinkedIn,3
2024-05-18,Facebook,14
2024-05-18,Referral,34
2024-05-18,Email,2
2024-05-18,Direct,4
2024-05-18,Partner,4
2024-05-19,Organic,42
2024-05-19,Google,35
2024-05-19,LinkedIn,6
2024-05-19,Facebook,18
2024-05-19,Referral,35
2024-05-19,Email,8
2024-05-19,Direct,12
2024-05-19,Partner,12
2024-05-20,Organic,58
2024-05-20,Google,21
2024-05-20,LinkedIn,11
2024-05-20,Facebook,6
2024-05-20,Referral,12
2024-05-20,Email,11
2024-05-20,Direct,3
2024-05-20,Partner,4
2024-05-21,Organic,46
2024-05-21,Google,27
2024-05-21,LinkedIn,5
2024-05-21,Facebook,13
2024-05-21,Referral,4
2024-05-21,Email,14
2024-05-21,Direct,14
2024-05-21,Partner,24
2024-05-22,Organic,43
2024-05-22,Google,28
2024-05-22,LinkedIn,3
2024-05-22,Facebook,16
2024-05-22,Referral,34
2024-05-22,Email,5
2024-05-22,Direct,2
2024-05-22,Partner,4
2024-05-23,Organic,50
2024-05-23,Google,31
2024-05-23,LinkedIn,20
2024-05-23,Facebook,5
2024-05-23,Referral,13
2024-05-23,Email,7
2024-05-23,Direct,3
2024-05-23,Partner,15
2024-05-24,Organic,43
2024-05-24,Google,28
2024-05-24,LinkedIn,9
2024-05-24,Facebook,15
2024-05-24,Referral,15
2024-05-24,Email,2
2024-05-24,Direct,13
2024-05-24,Partner,4
2024-05-25,Organic,44
2024-05-25,Google,42
2024-05-25,LinkedIn,17
2024-05-25,Facebook,14
2024-05-25,Referral,11
2024-05-25,Email,13
2024-05-25,Direct,3
2024-05-25,Partner,4
2024-05-26,Organic,30
2024-05-26,Google,20
2024-05-26,LinkedIn,5
2024-05-26,Facebook,8
2024-05-26,Referral,32
2024-05-26,Email,6
2024-05-26,Direct,7
2024-05-26,Partner,10
2024-05-27,Organic,50
2024-05-27,Google,13
2024-05-27,LinkedIn,25
2024-05-27,Facebook,16
2024-05-27,Referral,9
2024-05-27,Email,2
2024-05-27,Direct,9
2024-05-27,Partner,34
2024-05-28,Organic,52
2024-05-28,Google,32
2024-05-28,LinkedIn,32
2024-05-28,Facebook,15
2024-05-28,Referral,27
2024-05-28,Email,22
2024-05-28,Direct,6
2024-05-28,Partner,16
2024-05-29,Organic,41
2024-05-29,Google,28
2024-05-29,LinkedIn,17
2024-05-29,Facebook,12
2024-05-29,Referral,18
2024-05-29,Email,21
2024-05-29,Direct,7
2024-05-29,Partner,17
2024-05-30,Organic,42
2024-05-30,Google,26
2024-05-30,LinkedIn,21
2024-05-30,Facebook,12
2024-05-30,Referral,22
2024-05-30,Email,12
2024-05-30,Direct,1
2024-05-30,Partner,23
2024-05-31,Organic,36
2024-05-31,Google,44
2024-05-31,LinkedIn,16
2024-05-31,Facebook,20
2024-05-31,Referral,24
2024-05-31,Email,7
2024-05-31,Direct,1
2024-05-31,Partner,4
2024-06-01,Organic,58
2024-06-01,Google,28
2024-06-01,LinkedIn,29
2024-06-01,Facebook,10
2024-06-01,Referral,13
2024-06-01,Email,2
2024-06-01,Direct,10
2024-06-01,Partner,4
2024-06-02,Organic,44
2024-06-02,Google,33
2024-06-02,LinkedIn,10
2024-06-02,Facebook,12
2024-06-02,Referral,7
2024-06-02,Email,12
2024-06-02,Direct,10
2024-06-02,Partner,4
2024-06-03,Organic,46
2024-06-03,Google,17
2024-06-03,LinkedIn,3
2024-06-03,Facebook,12
2024-06-03,Referral,39
2024-06-03,Email,11
2024-06-03,Direct,6
2024-06-03,Partner,18
2024-06-04,Organic,52
2024-06-04,Google,27
2024-06-04,LinkedIn,3
2024-06-04,Facebook,16
2024-06-04,Referral,18
2024-06-04,Email,16
2024-06-04,Direct,3
2024-06-04,Partner,22
2024-06-05,Organic,36
2024-06-05,Google,24
2024-06-05,LinkedIn,34
2024-06-05,Facebook,6
2024-06-05,Referral,10
2024-06-05,Email,11
2024-06-05,Direct,8
2024-06-05,Partner,25
2024-06-06,Organic,34
2024-06-06,Google,24
2024-06-06,LinkedIn,14
2024-06-06,Facebook,11
2024-06-06,Referral,16
2024-06-06,Email,8
2024-06-06,Direct,5
2024-06-06,Partner,4
2024-06-07,Organic,48
2024-06-07,Google,24
2024-06-07,LinkedIn,6
2024-06-07,Facebook,5
2024-06-07,Referral,35
2024-06-07,Email,12
2024-06-07,Direct,7
2024-06-07,Partner,4
2024-06-08,Organic,51
2024-06-08,Google,24
2024-06-08,LinkedIn,31
2024-06-08,Facebook,13
2024-06-08,Referral,14
2024-06-08,Email,10
2024-06-08,Direct,9
2024-06-08,Partner,4
2024-06-09,Organic,37
2024-06-09,Google,17
2024-06-09,LinkedIn,28
2024-06-09,Facebook,9
2024-06-09,Referral,3
2024-06-09,Email,7
2024-06-09,Direct,3
2024-06-09,Partner,22
2024-06-10,Organic,34
2024-06-10,Google,41
2024-06-10,LinkedIn,18
2024-06-10,Facebook,5
2024-06-10,Referral,3
2024-06-10,Email,4
2024-06-10,Direct,9
2024-06-10,Partner,4
2024-06-11,Organic,57
2024-06-11,Google,27
2024-06-11,LinkedIn,19
2024-06-11,Facebook,15
2024-06-11,Referral,34
2024-06-11,Email,4
2024-06-11,Direct,6
2024-06-11,Partner,6
2024-06-12,Organic,41
2024-06-12,Google,20
2024-06-12,LinkedIn,30
2024-06-12,Facebook,10
2024-06-12,Referral,27
2024-06-12,Email,8
2024-06-12,Direct,13
2024-06-12,Partner,8
2024-06-13,Organic,39
2024-06-13,Google,31
2024-06-13,LinkedIn,11
2024-06-13,Facebook,9
2024-06-13,Referral,16
2024-06-13,Email,21
2024-06-13,Direct,13
2024-06-13,Partner,29
2024-06-14,Organic,42
2024-06-14,Google,36
2024-06-14,LinkedIn,31
2024-06-14,Facebook,6
2024-06-14,Referral,15
2024-06-14,Email,5
2024-06-14,Direct,7
2024-06-14,Partner,4
2024-06-15,Organic,36
2024-06-15,Google,32
2024-06-15,LinkedIn,20
2024-06-15,Facebook,12
2024-06-15,Referral,22
2024-06-15,Email,2
2024-06-15,Direct,19
2024-06-15,Partner,12
2024-06-16,Organic,30
2024-06-16,Google,25
2024-06-16,LinkedIn,3
2024-06-16,Facebook,15
2024-06-16,Referral,18
2024-06-16,Email,2
2024-06-16,Direct,9
2024-06-16,Partner,6
2024-06-17,Organic,40
2024-06-17,Google,31
2024-06-17,LinkedIn,16
2024-06-17,Facebook,17
2024-06-17,Referral,12
2024-06-17,Email,2
2024-06-17,Direct,24
2024-06-17,Partner,13
2024-06-18,Organic,47
2024-06-18,Google,37
2024-06-18,LinkedIn,33
2024-06-18,Facebook,18
2024-06-18,Referral,14
2024-06-18,Email,7
2024-06-18,Direct,4
2024-06-18,Partner,4
2024-06-19,Organic,52
2024-06-19,Google,36
2024-06-19,LinkedIn,17
2024-06-19,Facebook,15
2024-06-19,Referral,12
2024-06-19,Email,12
2024-06-19,Direct,7
2024-06-19,Partner,24
2024-06-20,Organic,40
2024-06-20,Google,25
2024-06-20,LinkedIn,4
2024-06-20,Facebook,7
2024-06-20,Referral,30
2024-06-20,Email,12
2024-06-20,Direct,14
2024-06-20,Partner,15
2024-06-21,Organic,51
2024-06-21,Google,24
2024-06-21,LinkedIn,3
2024-06-21,Facebook,18
2024-06-21,Referral,20
2024-06-21,Email,2
2024-06-21,Direct,1
2024-06-21,Partner,18
2024-06-22,Organic,27
2024-06-22,Google,20
2024-06-22,LinkedIn,3
2024-06-22,Facebook,12
2024-06-22,Referral,34
2024-06-22,Email,12
2024-06-22,Direct,17
2024-06-22,Partner,5
2024-06-23,Organic,40
2024-06-23,Google,36
2024-06-23,LinkedIn,17
2024-06-23,Facebook,10
2024-06-23,Referral,26
2024-06-23,Email,18
2024-06-23,Direct,11
2024-06-23,Partner,5
2024-06-24,Organic,37
2024-06-24,Google,29
2024-06-24,LinkedIn,29
2024-06-24,Facebook,12
2024-06-24,Referral,14
2024-06-24,Email,5
2024-06-24,Direct,18
2024-06-24,Partner,4
2024-06-25,Organic,56
2024-06-25,Google,23
2024-06-25,LinkedIn,11
2024-06-25,Facebook,12
2024-06-25,Referral,15
2024-06-25,Email,8
2024-06-25,Direct,10
2024-06-25,Partner,4
2024-06-26,Organic,53
2024-06-26,Google,24
2024-06-26,LinkedIn,5
2024-06-26,Facebook,6
2024-06-26,Referral,19
2024-06-26,Email,2
2024-06-26,Direct,9
2024-06-26,Partner,4
2024-06-27,Organic,39
2024-06-27,Google,31
2024-06-27,LinkedIn,17
2024-06-27,Facebook,12
2024-06-27,Referral,10
2024-06-27,Email,2
2024-06-27,Direct,9
2024-06-27,Partner,4
2024-06-28,Organic,28
2024-06-28,Google,9
2024-06-28,LinkedIn,27
2024-06-28,Facebook,19
2024-06-28,Referral,37
2024-06-28,Email,12
2024-06-28,Direct,4
2024-06-28,Partner,18
2024-06-29,Organic,37
2024-06-29,Google,28
2024-06-29,LinkedIn,23
2024-06-29,Facebook,8
2024-06-29,Referral,4
2024-06-29,Email,2
2024-06-29,Direct,4
2024-06-29,Partner,4
2024-06-30,Organic,50
2024-06-30,Google,32
2024-06-30,LinkedIn,20
2024-06-30,Facebook,16
2024-06-30,Referral,24
2024-06-30,Email,8
2024-06-30,Direct,12
2024-06-30,Partner,4
2024-07-01,Organic,61
2024-07-01,Google,36
2024-07-01,LinkedIn,18
2024-07-01,Facebook,12
2024-07-01,Referral,14
2024-07-01,Email,2
2024-07-01,Direct,11
2024-07-01,Partner,4
2024-07-02,Organic,37
2024-07-02,Google,28
2024-07-02,LinkedIn,36
2024-07-02,Facebook,12
2024-07-02,Referral,21
2024-07-02,Email,4
2024-07-02,Direct,5
2024-07-02,Partner,13
2024-07-03,Organic,36
2024-07-03,Google,30
2024-07-03,LinkedIn,3
2024-07-03,Facebook,11
2024-07-03,Referral,27
2024-07-03,Email,8
2024-07-03,Direct,13
2024-07-03,Partner,4
2024-07-04,Organic,37
2024-07-04,Google,24
2024-07-04,LinkedIn,29
2024-07-04,Facebook,7
2024-07-04,Referral,22
2024-07-04,Email,2
2024-07-04,Direct,7
2024-07-04,Partner,15
2024-07-05,Organic,42
2024-07-05,Google,27
2024-07-05,LinkedIn,18
2024-07-05,Facebook,16
2024-07-05,Referral,3
2024-07-05,Email,8
2024-07-05,Direct,5
2024-07-05,Partner,14
2024-07-06,Organic,50
2024-07-06,Google,18
2024-07-06,LinkedIn,11
2024-07-06,Facebook,15
2024-07-06,Referral,9
2024-07-06,Email,8
2024-07-06,Direct,8
2024-07-06,Partner,36
2024-07-07,Organic,45
2024-07-07,Google,19
2024-07-07,LinkedIn,20
2024-07-07,Facebook,17
2024-07-07,Referral,3
2024-07-07,Email,3
2024-07-07,Direct,3
2024-07-07,Partner,14
2024-07-08,Organic,45
2024-07-08,Google,32
2024-07-08,LinkedIn,17
2024-07-08,Facebook,10
2024-07-08,Referral,11
2024-07-08,Email,2
2024-07-08,Direct,9
2024-07-08,Partner,4
2024-07-09,Organic,41
2024-07-09,Google,21
2024-07-09,LinkedIn,28
2024-07-09,Facebook,16
2024-07-09,Referral,3
2024-07-09,Email,6
2024-07-09,Direct,8
2024-07-09,Partner,23
2024-07-10,Organic,49
2024-07-10,Google,26
2024-07-10,LinkedIn,3
2024-07-10,Facebook,16
2024-07-10,Referral,14
2024-07-10,Email,3
2024-07-10,Direct,14
2024-07-10,Partner,4
2024-07-11,Organic,51
2024-07-11,Google,24
2024-07-11,LinkedIn,3
2024-07-11,Facebook,6
2024-07-11,Referral,18
2024-07-11,Email,6
2024-07-11,Direct,26
2024-07-11,Partner,18
2024-07-12,Organic,39
2024-07-12,Google,28
2024-07-12,LinkedIn,16
2024-07-12,Facebook,6
2024-07-12,Referral,17
2024-07-12,Email,9
2024-07-12,Direct,7
2024-07-12,Partner,29
2024-07-13,Organic,59
2024-07-13,Google,33
2024-07-13,LinkedIn,22
2024-07-13,Facebook,7
2024-07-13,Referral,17
2024-07-13,Email,15
2024-07-13,Direct,7
2024-07-13,Partner,25
2024-07-14,Organic,39
2024-07-14,Google,16
2024-07-14,LinkedIn,21
2024-07-14,Facebook,22
2024-07-14,Referral,9
2024-07-14,Email,3
2024-07-14,Direct,14
2024-07-14,Partner,4
2024-07-15,Organic,43
2024-07-15,Google,17
2024-07-15,LinkedIn,22
2024-07-15,Facebook,16
2024-07-15,Referral,3
2024-07-15,Email,3
2024-07-15,Direct,3
2024-07-15,Partner,19
2024-07-16,Organic,38
2024-07-16,Google,28
2024-07-16,LinkedIn,22
2024-07-16,Facebook,14
2024-07-16,Referral,4
2024-07-16,Email,2
2024-07-16,Direct,7
2024-07-16,Partner,7
2024-07-17,Organic,44
2024-07-17,Google,20
2024-07-17,LinkedIn,24
2024-07-17,Facebook,16
2024-07-17,Referral,19
2024-07-17,Email,12
2024-07-17,Direct,6
2024-07-17,Partner,4
2024-07-18,Organic,41
2024-07-18,Google,35
2024-07-18,LinkedIn,27
2024-07-18,Facebook,7
2024-07-18,Referral,6
2024-07-18,Email,8
2024-07-18,Direct,24
2024-07-18,Partner,18
2024-07-19,Organic,36
2024-07-19,Google,24
2024-07-19,LinkedIn,32
2024-07-19,Facebook,9
2024-07-19,Referral,22
2024-07-19,Email,6
2024-07-19,Direct,1
2024-07-19,Partner,4
2024-07-20,Organic,51
2024-07-20,Google,26
2024-07-20,LinkedIn,39
2024-07-20,Facebook,3
2024-07-20,Referral,9
2024-07-20,Email,12
2024-07-20,Direct,6
2024-07-20,Partner,4
2024-07-21,Organic,41
2024-07-21,Google,31
2024-07-21,LinkedIn,22
2024-07-21,Facebook,9
2024-07-21,Referral,32
2024-07-21,Email,2
2024-07-21,Direct,14
2024-07-21,Partner,15
2024-07-22,Organic,32
2024-07-22,Google,25
2024-07-22,LinkedIn,32
2024-07-22,Facebook,9
2024-07-22,Referral,24
2024-07-22,Email,11
2024-07-22,Direct,10
2024-07-22,Partner,16
2024-07-23,Organic,36
2024-07-23,Google,32
2024-07-23,LinkedIn,27
2024-07-23,Facebook,18
2024-07-23,Referral,10
2024-07-23,Email,2
2024-07-23,Direct,7
2024-07-23,Partner,6
2024-07-24,Organic,50
2024-07-24,Google,30
2024-07-24,LinkedIn,30
2024-07-24,Facebook,13
2024-07-24,Referral,28
2024-07-24,Email,16
2024-07-24,Direct,15
2024-07-24,Partner,12
2024-07-25,Organic,31
2024-07-25,Google,24
2024-07-25,LinkedIn,9
2024-07-25,Facebook,11
2024-07-25,Referral,19
2024-07-25,Email,5
2024-07-25,Direct,1
2024-07-25,Partner,4
2024-07-26,Organic,48
2024-07-26,Google,4
2024-07-26,LinkedIn,32
2024-07-26,Facebook,14
2024-07-26,Referral,14
2024-07-26,Email,8
2024-07-26,Direct,17
2024-07-26,Partner,12
2024-07-27,Organic,51
2024-07-27,Google,32
2024-07-27,LinkedIn,23
2024-07-27,Facebook,15
2024-07-27,Referral,23
2024-07-27,Email,4
2024-07-27,Direct,1
2024-07-27,Partner,22
2024-07-28,Organic,50
2024-07-28,Google,25
2024-07-28,LinkedIn,28
2024-07-28,Facebook,20
2024-07-28,Referral,19
2024-07-28,Email,5
2024-07-28,Direct,3
2024-07-28,Partner,4
2024-07-29,Organic,33
2024-07-29,Google,26
2024-07-29,LinkedIn,13
2024-07-29,Facebook,4
2024-07-29,Referral,16
2024-07-29,Email,25
2024-07-29,Direct,10
2024-07-29,Partner,28
2024-07-30,Organic,46
2024-07-30,Google,31
2024-07-30,LinkedIn,8
2024-07-30,Facebook,10
2024-07-30,Referral,35
2024-07-30,Email,17
2024-07-30,Direct,5
2024-07-30,Partner,6
2024-07-31,Organic,43
2024-07-31,Google,39
2024-07-31,LinkedIn,11
2024-07-31,Facebook,15
2024-07-31,Referral,21
2024-07-31,Email,2
2024-07-31,Direct,19
2024-07-31,Partner,4
2024-08-01,Organic,27
2024-08-01,Google,39
2024-08-01,LinkedIn,12
2024-08-01,Facebook,17
2024-08-01,Referral,33
2024-08-01,Email,15
2024-08-01,Direct,17
2024-08-01,Partner,4
2024-08-02,Organic,49
2024-08-02,Google,24
2024-08-02,LinkedIn,26
2024-08-02,Facebook,9
2024-08-02,Referral,22
2024-08-02,Email,20
2024-08-02,Direct,15
2024-08-02,Partner,7
2024-08-03,Organic,55
2024-08-03,Google,20
2024-08-03,LinkedIn,16
2024-08-03,Facebook,8
2024-08-03,Referral,14
2024-08-03,Email,16
2024-08-03,Direct,20
2024-08-03,Partner,4
2024-08-04,Organic,42
2024-08-04,Google,28
2024-08-04,LinkedIn,31
2024-08-04,Facebook,20
2024-08-04,Referral,12
2024-08-04,Email,2
2024-08-04,Direct,1
2024-08-04,Partner,18
2024-08-05,Organic,46
2024-08-05,Google,30
2024-08-05,LinkedIn,21
2024-08-05,Facebook,11
2024-08-05,Referral,3
2024-08-05,Email,7
2024-08-05,Direct,10
2024-08-05,Partner,4
2024-08-06,Organic,41
2024-08-06,Google,25
2024-08-06,LinkedIn,3
2024-08-06,Facebook,19
2024-08-06,Referral,26
2024-08-06,Email,16
2024-08-06,Direct,7
2024-08-06,Partner,21
2024-08-07,Organic,44
2024-08-07,Google,19
2024-08-07,LinkedIn,19
2024-08-07,Facebook,16
2024-08-07,Referral,3
2024-08-07,Email,8
2024-08-07,Direct,13
2024-08-07,Partner,27
2024-08-08,Organic,53
2024-08-08,Google,25
2024-08-08,LinkedIn,22
2024-08-08,Facebook,13
2024-08-08,Referral,37
2024-08-08,Email,20
2024-08-08,Direct,7
2024-08-08,Partner,20
2024-08-09,Organic,30
2024-08-09,Google,30
2024-08-09,LinkedIn,15
2024-08-09,Facebook,15
2024-08-09,Referral,3
2024-08-09,Email,4
2024-08-09,Direct,6
2024-08-09,Partner,4
2024-08-10,Organic,51
2024-08-10,Google,27
2024-08-10,LinkedIn,3
2024-08-10,Facebook,15
2024-08-10,Referral,15
2024-08-10,Email,12
2024-08-10,Direct,10
2024-08-10,Partner,8
2024-08-11,Organic,50
2024-08-11,Google,24
2024-08-11,LinkedIn,18
2024-08-11,Facebook,15
2024-08-11,Referral,3
2024-08-11,Email,4
2024-08-11,Direct,9
2024-08-11,Partner,4
2024-08-12,Organic,54
2024-08-12,Google,35
2024-08-12,LinkedIn,23
2024-08-12,Facebook,10
2024-08-12,Referral,27
2024-08-12,Email,8
2024-08-12,Direct,15
2024-08-12,Partner,28
2024-08-13,Organic,50
2024-08-13,Google,21
2024-08-13,LinkedIn,10
2024-08-13,Facebook,12
2024-08-13,Referral,23
2024-08-13,Email,12
2024-08-13,Direct,1
2024-08-13,Partner,28
2024-08-14,Organic,32
2024-08-14,Google,40
2024-08-14,LinkedIn,7
2024-08-14,Facebook,10
2024-08-14,Referral,3
2024-08-14,Email,4
2024-08-14,Direct,7
2024-08-14,Partner,4
2024-08-15,Organic,41
2024-08-15,Google,38
2024-08-15,LinkedIn,8
2024-08-15,Facebook,14
2024-08-15,Referral,3
2024-08-15,Email,4
2024-08-15,Direct,15
2024-08-15,Partner,5
2024-08-16,Organic,56
2024-08-16,Google,33
2024-08-16,LinkedIn,17
2024-08-16,Facebook,12
2024-08-16,Referral,6
2024-08-16,Email,12
2024-08-16,Direct,8
2024-08-16,Partner,17
2024-08-17,Organic,35
2024-08-17,Google,34
2024-08-17,LinkedIn,31
2024-08-17,Facebook,15
2024-08-17,Referral,43
2024-08-17,Email,10
2024-08-17,Direct,1
2024-08-17,Partner,19
2024-08-18,Organic,39
2024-08-18,Google,36
2024-08-18,LinkedIn,26
2024-08-18,Facebook,10
2024-08-18,Referral,7
2024-08-18,Email,25
2024-08-18,Direct,10
2024-08-18,Partner,4
2024-08-19,Organic,45
2024-08-19,Google,32
2024-08-19,LinkedIn,29
2024-08-19,Facebook,18
2024-08-19,Referral,31
2024-08-19,Email,3
2024-08-19,Direct,6
2024-08-19,Partner,24
2024-08-20,Organic,46
2024-08-20,Google,32
2024-08-20,LinkedIn,19
2024-08-20,Facebook,11
2024-08-20,Referral,18
2024-08-20,Email,4
2024-08-20,Direct,8
2024-08-20,Partner,30
2024-08-21,Organic,40
2024-08-21,Google,29
2024-08-21,LinkedIn,26
2024-08-21,Facebook,18
2024-08-21,Referral,17
2024-08-21,Email,16
2024-08-21,Direct,10
2024-08-21,Partner,7
2024-08-22,Organic,41
2024-08-22,Google,36
2024-08-22,LinkedIn,18
2024-08-22,Facebook,16
2024-08-22,Referral,4
2024-08-22,Email,2
2024-08-22,Direct,10
2024-08-22,Partner,15
2024-08-23,Organic,49
2024-08-23,Google,36
2024-08-23,LinkedIn,10
2024-08-23,Facebook,4
2024-08-23,Referral,18
2024-08-23,Email,8
2024-08-23,Direct,7
2024-08-23,Partner,33
2024-08-24,Organic,39
2024-08-24,Google,30
2024-08-24,LinkedIn,4
2024-08-24,Facebook,15
2024-08-24,Referral,13
2024-08-24,Email,2
2024-08-24,Direct,13
2024-08-24,Partner,11
2024-08-25,Organic,33
2024-08-25,Google,36
2024-08-25,LinkedIn,30
2024-08-25,Facebook,10
2024-08-25,Referral,3
2024-08-25,Email,6
2024-08-25,Direct,20
2024-08-25,Partner,4
2024-08-26,Organic,49
2024-08-26,Google,31
2024-08-26,LinkedIn,3
2024-08-26,Facebook,11
2024-08-26,Referral,3
2024-08-26,Email,2
2024-08-26,Direct,1
2024-08-26,Partner,4
2024-08-27,Organic,25
2024-08-27,Google,23
2024-08-27,LinkedIn,3
2024-08-27,Facebook,16
2024-08-27,Referral,23
2024-08-27,Email,11
2024-08-27,Direct,1
2024-08-27,Partner,4
2024-08-28,Organic,60
2024-08-28,Google,40
2024-08-28,LinkedIn,42
2024-08-28,Facebook,4
2024-08-28,Referral,4
2024-08-28,Email,5
2024-08-28,Direct,8
2024-08-28,Partner,12
2024-08-29,Organic,39
2024-08-29,Google,28
2024-08-29,LinkedIn,11
2024-08-29,Facebook,13
2024-08-29,Referral,33
2024-08-29,Email,2
2024-08-29,Direct,5
2024-08-29,Partner,16
2024-08-30,Organic,44
2024-08-30,Google,21
2024-08-30,LinkedIn,6
2024-08-30,Facebook,12
2024-08-30,Referral,9
2024-08-30,Email,8
2024-08-30,Direct,4
2024-08-30,Partner,5
2024-08-31,Organic,50
2024-08-31,Google,27
2024-08-31,LinkedIn,5
2024-08-31,Facebook,5
2024-08-31,Referral,3
2024-08-31,Email,6
2024-08-31,Direct,3
2024-08-31,Partner,4
2024-09-01,Organic,36
2024-09-01,Google,36
2024-09-01,LinkedIn,28
2024-09-01,Facebook,8
2024-09-01,Referral,26
2024-09-01,Email,13
2024-09-01,Direct,14
2024-09-01,Partner,4
2024-09-02,Organic,53
2024-09-02,Google,20
2024-09-02,LinkedIn,10
2024-09-02,Facebook,13
2024-09-02,Referral,14
2024-09-02,Email,6
2024-09-02,Direct,1
2024-09-02,Partner,24
2024-09-03,Organic,49
2024-09-03,Google,24
2024-09-03,LinkedIn,4
2024-09-03,Facebook,9
2024-09-03,Referral,11
2024-09-03,Email,4
2024-09-03,Direct,4
2024-09-03,Partner,4
2024-09-04,Organic,42
2024-09-04,Google,33
2024-09-04,LinkedIn,3
2024-09-04,Facebook,15
2024-09-04,Referral,14
2024-09-04,Email,4
2024-09-04,Direct,8
2024-09-04,Partner,8
2024-09-05,Organic,56
2024-09-05,Google,41
2024-09-05,LinkedIn,3
2024-09-05,Facebook,14
2024-09-05,Referral,13
2024-09-05,Email,12
2024-09-05,Direct,12
2024-09-05,Partner,4
2024-09-06,Organic,27
2024-09-06,Google,26
2024-09-06,LinkedIn,23
2024-09-06,Facebook,15
2024-09-06,Referral,10
2024-09-06,Email,3
2024-09-06,Direct,2
2024-09-06,Partner,4
2024-09-07,Organic,54
2024-09-07,Google,25
2024-09-07,LinkedIn,21
2024-09-07,Facebook,15
2024-09-07,Referral,10
2024-09-07,Email,2
2024-09-07,Direct,1
2024-09-07,Partner,11
2024-09-08,Organic,50
2024-09-08,Google,32
2024-09-08,LinkedIn,3
2024-09-08,Facebook,9
2024-09-08,Referral,21
2024-09-08,Email,15
2024-09-08,Direct,2
2024-09-08,Partner,4
2024-09-09,Organic,34
2024-09-09,Google,38
2024-09-09,LinkedIn,21
2024-09-09,Facebook,16
2024-09-09,Referral,24
2024-09-09,Email,12
2024-09-09,Direct,12
2024-09-09,Partner,15
2024-09-10,Organic,50
2024-09-10,Google,21
2024-09-10,LinkedIn,3
2024-09-10,Facebook,18
2024-09-10,Referral,19
2024-09-10,Email,12
2024-09-10,Direct,8
2024-09-10,Partner,24
2024-09-11,Organic,43
2024-09-11,Google,33
2024-09-11,LinkedIn,42
2024-09-11,Facebook,11
2024-09-11,Referral,18
2024-09-11,Email,2
2024-09-11,Direct,17
2024-09-11,Partner,11
2024-09-12,Organic,47
2024-09-12,Google,39
2024-09-12,LinkedIn,3
2024-09-12,Facebook,13
2024-09-12,Referral,7
2024-09-12,Email,9
2024-09-12,Direct,1
2024-09-12,Partner,23
2024-09-13,Organic,41
2024-09-13,Google,35
2024-09-13,LinkedIn,22
2024-09-13,Facebook,12
2024-09-13,Referral,9
2024-09-13,Email,12
2024-09-13,Direct,14
2024-09-13,Partner,4
2024-09-14,Organic,41
2024-09-14,Google,18
2024-09-14,LinkedIn,24
2024-09-14,Facebook,6
2024-09-14,Referral,9
2024-09-14,Email,23
2024-09-14,Direct,14
2024-09-14,Partner,4
2024-09-15,Organic,50
2024-09-15,Google,36
2024-09-15,LinkedIn,3
2024-09-15,Facebook,9
2024-09-15,Referral,12
2024-09-15,Email,10
2024-09-15,Direct,10
2024-09-15,Partner,24
2024-09-16,Organic,49
2024-09-16,Google,29
2024-09-16,LinkedIn,14
2024-09-16,Facebook,8
2024-09-16,Referral,8
2024-09-16,Email,10
2024-09-16,Direct,17
2024-09-16,Partner,13
2024-09-17,Organic,45
2024-09-17,Google,35
2024-09-17,LinkedIn,22
2024-09-17,Facebook,15
2024-09-17,Referral,3
2024-09-17,Email,15
2024-09-17,Direct,14
2024-09-17,Partner,18
2024-09-18,Organic,43
2024-09-18,Google,32
2024-09-18,LinkedIn,11
2024-09-18,Facebook,8
2024-09-18,Referral,11
2024-09-18,Email,10
2024-09-18,Direct,18
2024-09-18,Partner,24
2024-09-19,Organic,43
2024-09-19,Google,28
2024-09-19,LinkedIn,26
2024-09-19,Facebook,7
2024-09-19,Referral,27
2024-09-19,Email,8
2024-09-19,Direct,1
2024-09-19,Partner,6
2024-09-20,Organic,44
2024-09-20,Google,32
2024-09-20,LinkedIn,3
2024-09-20,Facebook,21
2024-09-20,Referral,3
2024-09-20,Email,4
2024-09-20,Direct,1
2024-09-20,Partner,4
2024-09-21,Organic,43
2024-09-21,Google,21
2024-09-21,LinkedIn,12
2024-09-21,Facebook,15
2024-09-21,Referral,20
2024-09-21,Email,28
2024-09-21,Direct,5
2024-09-21,Partner,7
2024-09-22,Organic,53
2024-09-22,Google,33
2024-09-22,LinkedIn,27
2024-09-22,Facebook,15
2024-09-22,Referral,20
2024-09-22,Email,16
2024-09-22,Direct,5
2024-09-22,Partner,4
2024-09-23,Organic,43
2024-09-23,Google,30
2024-09-23,LinkedIn,33
2024-09-23,Facebook,15
2024-09-23,Referral,11
2024-09-23,Email,12
2024-09-23,Direct,11
2024-09-23,Partner,4
2024-09-24,Organic,27
2024-09-24,Google,37
2024-09-24,LinkedIn,30
2024-09-24,Facebook,10
2024-09-24,Referral,14
2024-09-24,Email,7
2024-09-24,Direct,1
2024-09-24,Partner,11
2024-09-25,Organic,55
2024-09-25,Google,30
2024-09-25,LinkedIn,9
2024-09-25,Facebook,14
2024-09-25,Referral,11
2024-09-25,Email,2
2024-09-25,Direct,1
2024-09-25,Partner,4
2024-09-26,Organic,44
2024-09-26,Google,24
2024-09-26,LinkedIn,23
2024-09-26,Facebook,11
2024-09-26,Referral,15
2024-09-26,Email,2
2024-09-26,Direct,9
2024-09-26,Partner,4
2024-09-27,Organic,55
2024-09-27,Google,16
2024-09-27,LinkedIn,5
2024-09-27,Facebook,6
2024-09-27,Referral,26
2024-09-27,Email,16
2024-09-27,Direct,13
2024-09-27,Partner,4
2024-09-28,Organic,48
2024-09-28,Google,37
2024-09-28,LinkedIn,15
2024-09-28,Facebook,14
2024-09-28,Referral,26
2024-09-28,Email,11
2024-09-28,Direct,18
2024-09-28,Partner,4
2024-09-29,Organic,36
2024-09-29,Google,38
2024-09-29,LinkedIn,22
2024-09-29,Facebook,15
2024-09-29,Referral,3
2024-09-29,Email,14
2024-09-29,Direct,11
2024-09-29,Partner,4
2024-09-30,Organic,58
2024-09-30,Google,32
2024-09-30,LinkedIn,33
2024-09-30,Facebook,18
2024-09-30,Referral,3
2024-09-30,Email,19
2024-09-30,Direct,5
2024-09-30,Partner,4
2024-10-01,Organic,39
2024-10-01,Google,28
2024-10-01,LinkedIn,3
2024-10-01,Facebook,16
2024-10-01,Referral,21
2024-10-01,Email,10
2024-10-01,Direct,12
2024-10-01,Partner,5
2024-10-02,Organic,46
2024-10-02,Google,18
2024-10-02,LinkedIn,15
2024-10-02,Facebook,8
2024-10-02,Referral,15
2024-10-02,Email,13
2024-10-02,Direct,11
2024-10-02,Partner,7
2024-10-03,Organic,38
2024-10-03,Google,32
2024-10-03,LinkedIn,19
2024-10-03,Facebook,5
2024-10-03,Referral,9
2024-10-03,Email,2
2024-10-03,Direct,10
2024-10-03,Partner,9
2024-10-04,Organic,41
2024-10-04,Google,32
2024-10-04,LinkedIn,15
2024-10-04,Facebook,12
2024-10-04,Referral,24
2024-10-04,Email,2
2024-10-04,Direct,21
2024-10-04,Partner,4
2024-10-05,Organic,45
2024-10-05,Google,28
2024-10-05,LinkedIn,3
2024-10-05,Facebook,18
2024-10-05,Referral,33
2024-10-05,Email,8
2024-10-05,Direct,11
2024-10-05,Partner,4
2024-10-06,Organic,36
2024-10-06,Google,23
2024-10-06,LinkedIn,21
2024-10-06,Facebook,14
2024-10-06,Referral,21
2024-10-06,Email,19
2024-10-06,Direct,1
2024-10-06,Partner,4
2024-10-07,Organic,46
2024-10-07,Google,31
2024-10-07,LinkedIn,17
2024-10-07,Facebook,15
2024-10-07,Referral,25
2024-10-07,Email,13
2024-10-07,Direct,14
2024-10-07,Partner,11
2024-10-08,Organic,50
2024-10-08,Google,27
2024-10-08,LinkedIn,9
2024-10-08,Facebook,19
2024-10-08,Referral,26
2024-10-08,Email,16
2024-10-08,Direct,5
2024-10-08,Partner,4
2024-10-09,Organic,39
2024-10-09,Google,25
2024-10-09,LinkedIn,17
2024-10-09,Facebook,12
2024-10-09,Referral,3
2024-10-09,Email,15
2024-10-09,Direct,16
2024-10-09,Partner,30
2024-10-10,Organic,31
2024-10-10,Google,42
2024-10-10,LinkedIn,10
2024-10-10,Facebook,16
2024-10-10,Referral,7
2024-10-10,Email,2
2024-10-10,Direct,7
2024-10-10,Partner,16
2024-10-11,Organic,35
2024-10-11,Google,18
2024-10-11,LinkedIn,40
2024-10-11,Facebook,11
2024-10-11,Referral,11
2024-10-11,Email,14
2024-10-11,Direct,14
2024-10-11,Partner,4
2024-10-12,Organic,57
2024-10-12,Google,31
2024-10-12,LinkedIn,34
2024-10-12,Facebook,15
2024-10-12,Referral,7
2024-10-12,Email,21
2024-10-12,Direct,6
2024-10-12,Partner,11
2024-10-13,Organic,55
2024-10-13,Google,32
2024-10-13,LinkedIn,12
2024-10-13,Facebook,12
2024-10-13,Referral,3
2024-10-13,Email,4
2024-10-13,Direct,7
2024-10-13,Partner,5
2024-10-14,Organic,32
2024-10-14,Google,37
2024-10-14,LinkedIn,17
2024-10-14,Facebook,12
2024-10-14,Referral,33
2024-10-14,Email,13
2024-10-14,Direct,9
2024-10-14,Partner,7
2024-10-15,Organic,39
2024-10-15,Google,27
2024-10-15,LinkedIn,11
2024-10-15,Facebook,21
2024-10-15,Referral,23
2024-10-15,Email,4
2024-10-15,Direct,5
2024-10-15,Partner,6
2024-10-16,Organic,60
2024-10-16,Google,28
2024-10-16,LinkedIn,3
2024-10-16,Facebook,15
2024-10-16,Referral,21
2024-10-16,Email,8
2024-10-16,Direct,3
2024-10-16,Partner,10
2024-10-17,Organic,26
2024-10-17,Google,32
2024-10-17,LinkedIn,29
2024-10-17,Facebook,11
2024-10-17,Referral,24
2024-10-17,Email,2
2024-10-17,Direct,3
2024-10-17,Partner,25
2024-10-18,Organic,49
2024-10-18,Google,40
2024-10-18,LinkedIn,17
2024-10-18,Facebook,12
2024-10-18,Referral,14
2024-10-18,Email,3
2024-10-18,Direct,1
2024-10-18,Partner,4
2024-10-19,Organic,52
2024-10-19,Google,24
2024-10-19,LinkedIn,34
2024-10-19,Facebook,13
2024-10-19,Referral,9
2024-10-19,Email,4
2024-10-19,Direct,11
2024-10-19,Partner,19
2024-10-20,Organic,38
2024-10-20,Google,38
2024-10-20,LinkedIn,22
2024-10-20,Facebook,17
2024-10-20,Referral,28
2024-10-20,Email,11
2024-10-20,Direct,15
2024-10-20,Partner,18
2024-10-21,Organic,37
2024-10-21,Google,24
2024-10-21,LinkedIn,20
2024-10-21,Facebook,18
2024-10-21,Referral,24
2024-10-21,Email,13
2024-10-21,Direct,12
2024-10-21,Partner,11
2024-10-22,Organic,50
2024-10-22,Google,24
2024-10-22,LinkedIn,3
2024-10-22,Facebook,7
2024-10-22,Referral,29
2024-10-22,Email,8
2024-10-22,Direct,1
2024-10-22,Partner,4
2024-10-23,Organic,42
2024-10-23,Google,4
2024-10-23,LinkedIn,38
2024-10-23,Facebook,12
2024-10-23,Referral,13
2024-10-23,Email,6
2024-10-23,Direct,18
2024-10-23,Partner,21
2024-10-24,Organic,50
2024-10-24,Google,21
2024-10-24,LinkedIn,17
2024-10-24,Facebook,9
2024-10-24,Referral,19
2024-10-24,Email,2
2024-10-24,Direct,12
2024-10-24,Partner,4
2024-10-25,Organic,41
2024-10-25,Google,20
2024-10-25,LinkedIn,11
2024-10-25,Facebook,12
2024-10-25,Referral,16
2024-10-25,Email,6
2024-10-25,Direct,7
2024-10-25,Partner,16
2024-10-26,Organic,54
2024-10-26,Google,30
2024-10-26,LinkedIn,27
2024-10-26,Facebook,9
2024-10-26,Referral,28
2024-10-26,Email,2
2024-10-26,Direct,17
2024-10-26,Partner,12
2024-10-27,Organic,39
2024-10-27,Google,36
2024-10-27,LinkedIn,24
2024-10-27,Facebook,15
2024-10-27,Referral,16
2024-10-27,Email,2
2024-10-27,Direct,9
2024-10-27,Partner,24
2024-10-28,Organic,50
2024-10-28,Google,23
2024-10-28,LinkedIn,34
2024-10-28,Facebook,9
2024-10-28,Referral,22
2024-10-28,Email,10
2024-10-28,Direct,14
2024-10-28,Partner,21
2024-10-29,Organic,43
2024-10-29,Google,27
2024-10-29,LinkedIn,6
2024-10-29,Facebook,23
2024-10-29,Referral,18
2024-10-29,Email,16
2024-10-29,Direct,5
2024-10-29,Partner,6
2024-10-30,Organic,36
2024-10-30,Google,27
2024-10-30,LinkedIn,10
2024-10-30,Facebook,10
2024-10-30,Referral,30
2024-10-30,Email,24
2024-10-30,Direct,5
2024-10-30,Partner,14
2024-10-31,Organic,26
2024-10-31,Google,24
2024-10-31,LinkedIn,24
2024-10-31,Facebook,12
2024-10-31,Referral,19
2024-10-31,Email,2
2024-10-31,Direct,15
2024-10-31,Partner,8
2024-11-01,Organic,41
2024-11-01,Google,45
2024-11-01,LinkedIn,16
2024-11-01,Facebook,13
2024-11-01,Referral,19
2024-11-01,Email,8
2024-11-01,Direct,11
2024-11-01,Partner,14
2024-11-02,Organic,33
2024-11-02,Google,32
2024-11-02,LinkedIn,15
2024-11-02,Facebook,17
2024-11-02,Referral,4
2024-11-02,Email,2
2024-11-02,Direct,9
2024-11-02,Partner,30
2024-11-03,Organic,41
2024-11-03,Google,19
2024-11-03,LinkedIn,34
2024-11-03,Facebook,11
2024-11-03,Referral,11
2024-11-03,Email,17
2024-11-03,Direct,1
2024-11-03,Partner,6
2024-11-04,Organic,40
2024-11-04,Google,24
2024-11-04,LinkedIn,20
2024-11-04,Facebook,9
2024-11-04,Referral,27
2024-11-04,Email,8
2024-11-04,Direct,8
2024-11-04,Partner,4
2024-11-05,Organic,55
2024-11-05,Google,20
2024-11-05,LinkedIn,14
2024-11-05,Facebook,15
2024-11-05,Referral,36
2024-11-05,Email,16
2024-11-05,Direct,14
2024-11-05,Partner,7
2024-11-06,Organic,58
2024-11-06,Google,21
2024-11-06,LinkedIn,17
2024-11-06,Facebook,12
2024-11-06,Referral,17
2024-11-06,Email,11
2024-11-06,Direct,7
2024-11-06,Partner,24
2024-11-07,Organic,44
2024-11-07,Google,41
2024-11-07,LinkedIn,22
2024-11-07,Facebook,17
2024-11-07,Referral,29
2024-11-07,Email,2
2024-11-07,Direct,7
2024-11-07,Partner,9
2024-11-08,Organic,48
2024-11-08,Google,28
2024-11-08,LinkedIn,31
2024-11-08,Facebook,18
2024-11-08,Referral,10
2024-11-08,Email,2
2024-11-08,Direct,22
2024-11-08,Partner,5
2024-11-09,Organic,50
2024-11-09,Google,36
2024-11-09,LinkedIn,27
2024-11-09,Facebook,14
2024-11-09,Referral,10
2024-11-09,Email,2
2024-11-09,Direct,11
2024-11-09,Partner,12
2024-11-10,Organic,45
2024-11-10,Google,40
2024-11-10,LinkedIn,11
2024-11-10,Facebook,6
2024-11-10,Referral,19
2024-11-10,Email,13
2024-11-10,Direct,6
2024-11-10,Partner,4
2024-11-11,Organic,41
2024-11-11,Google,31
2024-11-11,LinkedIn,9
2024-11-11,Facebook,12
2024-11-11,Referral,10
2024-11-11,Email,17
2024-11-11,Direct,8
2024-11-11,Partner,12
2024-11-12,Organic,36
2024-11-12,Google,34
2024-11-12,LinkedIn,19
2024-11-12,Facebook,17
2024-11-12,Referral,15
2024-11-12,Email,26
2024-11-12,Direct,12
2024-11-12,Partner,4
2024-11-13,Organic,40
2024-11-13,Google,30
2024-11-13,LinkedIn,30
2024-11-13,Facebook,9
2024-11-13,Referral,11
2024-11-13,Email,26
2024-11-13,Direct,14
2024-11-13,Partner,19
2024-11-14,Organic,31
2024-11-14,Google,33
2024-11-14,LinkedIn,4
2024-11-14,Facebook,14
2024-11-14,Referral,4
2024-11-14,Email,2
2024-11-14,Direct,11
2024-11-14,Partner,4
2024-11-15,Organic,50
2024-11-15,Google,21
2024-11-15,LinkedIn,19
2024-11-15,Facebook,19
2024-11-15,Referral,16
2024-11-15,Email,2
2024-11-15,Direct,4
2024-11-15,Partner,10
2024-11-16,Organic,29
2024-11-16,Google,32
2024-11-16,LinkedIn,20
2024-11-16,Facebook,14
2024-11-16,Referral,16
2024-11-16,Email,3
2024-11-16,Direct,10
2024-11-16,Partner,4
2024-11-17,Organic,41
2024-11-17,Google,33
2024-11-17,LinkedIn,18
2024-11-17,Facebook,20
2024-11-17,Referral,16
2024-11-17,Email,8
2024-11-17,Direct,6
2024-11-17,Partner,4
2024-11-18,Organic,40
2024-11-18,Google,20
2024-11-18,LinkedIn,5
2024-11-18,Facebook,9
2024-11-18,Referral,11
2024-11-18,Email,8
2024-11-18,Direct,1
2024-11-18,Partner,4
2024-11-19,Organic,35
2024-11-19,Google,18
2024-11-19,LinkedIn,3
2024-11-19,Facebook,9
2024-11-19,Referral,42
2024-11-19,Email,17
2024-11-19,Direct,17
2024-11-19,Partner,5
2024-11-20,Organic,46
2024-11-20,Google,29
2024-11-20,LinkedIn,3
2024-11-20,Facebook,14
2024-11-20,Referral,9
2024-11-20,Email,22
2024-11-20,Direct,5
2024-11-20,Partner,4
2024-11-21,Organic,41
2024-11-21,Google,23
2024-11-21,LinkedIn,25
2024-11-21,Facebook,10
2024-11-21,Referral,13
2024-11-21,Email,2
2024-11-21,Direct,4
2024-11-21,Partner,13
2024-11-22,Organic,49
2024-11-22,Google,21
2024-11-22,LinkedIn,9
2024-11-22,Facebook,3
2024-11-22,Referral,19
2024-11-22,Email,11
2024-11-22,Direct,4
2024-11-22,Partner,18
2024-11-23,Organic,31
2024-11-23,Google,29
2024-11-23,LinkedIn,24
2024-11-23,Facebook,9
2024-11-23,Referral,6
2024-11-23,Email,2
2024-11-23,Direct,1
2024-11-23,Partner,6
2024-11-24,Organic,29
2024-11-24,Google,28
2024-11-24,LinkedIn,31
2024-11-24,Facebook,10
2024-11-24,Referral,3
2024-11-24,Email,2
2024-11-24,Direct,7
2024-11-24,Partner,4
2024-11-25,Organic,48
2024-11-25,Google,40
2024-11-25,LinkedIn,18
2024-11-25,Facebook,21
2024-11-25,Referral,29
2024-11-25,Email,9
2024-11-25,Direct,9
2024-11-25,Partner,28
2024-11-26,Organic,52
2024-11-26,Google,28
2024-11-26,LinkedIn,22
2024-11-26,Facebook,18
2024-11-26,Referral,9
2024-11-26,Email,3
2024-11-26,Direct,3
2024-11-26,Partner,20
2024-11-27,Organic,54
2024-11-27,Google,17
2024-11-27,LinkedIn,32
2024-11-27,Facebook,6
2024-11-27,Referral,29
2024-11-27,Email,9
2024-11-27,Direct,7
2024-11-27,Partner,5
2024-11-28,Organic,38
2024-11-28,Google,28
2024-11-28,LinkedIn,3
2024-11-28,Facebook,10
2024-11-28,Referral,3
2024-11-28,Email,22
2024-11-28,Direct,17
2024-11-28,Partner,24
2024-11-29,Organic,38
2024-11-29,Google,33
2024-11-29,LinkedIn,30
2024-11-29,Facebook,14
2024-11-29,Referral,8
2024-11-29,Email,11
2024-11-29,Direct,9
2024-11-29,Partner,11
2024-11-30,Organic,36
2024-11-30,Google,24
2024-11-30,LinkedIn,29
2024-11-30,Facebook,15
2024-11-30,Referral,4
2024-11-30,Email,8
2024-11-30,Direct,7
2024-11-30,Partner,6
2024-12-01,Organic,42
2024-12-01,Google,32
2024-12-01,LinkedIn,7
2024-12-01,Facebook,12
2024-12-01,Referral,23
2024-12-01,Email,2
2024-12-01,Direct,3
2024-12-01,Partner,28
2024-12-02,Organic,51
2024-12-02,Google,32
2024-12-02,LinkedIn,28
2024-12-02,Facebook,16
2024-12-02,Referral,16
2024-12-02,Email,2
2024-12-02,Direct,10
2024-12-02,Partner,4
2024-12-03,Organic,45
2024-12-03,Google,9
2024-12-03,LinkedIn,26
2024-12-03,Facebook,18
2024-12-03,Referral,21
2024-12-03,Email,4
2024-12-03,Direct,1
2024-12-03,Partner,30
2024-12-04,Organic,48
2024-12-04,Google,28
2024-12-04,LinkedIn,33
2024-12-04,Facebook,19
2024-12-04,Referral,5
2024-12-04,Email,2
2024-12-04,Direct,13
2024-12-04,Partner,4
2024-12-05,Organic,44
2024-12-05,Google,26
2024-12-05,LinkedIn,28
2024-12-05,Facebook,14
2024-12-05,Referral,20
2024-12-05,Email,14
2024-12-05,Direct,9
2024-12-05,Partner,11
2024-12-06,Organic,45
2024-12-06,Google,24
2024-12-06,LinkedIn,6
2024-12-06,Facebook,14
2024-12-06,Referral,9
2024-12-06,Email,2
2024-12-06,Direct,6
2024-12-06,Partner,20
2024-12-07,Organic,36
2024-12-07,Google,27
2024-12-07,LinkedIn,3
2024-12-07,Facebook,20
2024-12-07,Referral,25
2024-12-07,Email,8
2024-12-07,Direct,2
2024-12-07,Partner,18
2024-12-08,Organic,45
2024-12-08,Google,34
2024-12-08,LinkedIn,5
2024-12-08,Facebook,22
2024-12-08,Referral,16
2024-12-08,Email,2
2024-12-08,Direct,12
2024-12-08,Partner,18
2024-12-09,Organic,45
2024-12-09,Google,24
2024-12-09,LinkedIn,17
2024-12-09,Facebook,12
2024-12-09,Referral,5
2024-12-09,Email,8
2024-12-09,Direct,12
2024-12-09,Partner,20
2024-12-10,Organic,37
2024-12-10,Google,31
2024-12-10,LinkedIn,6
2024-12-10,Facebook,15
2024-12-10,Referral,8
2024-12-10,Email,12
2024-12-10,Direct,9
2024-12-10,Partner,24
2024-12-11,Organic,45
2024-12-11,Google,27
2024-12-11,LinkedIn,19
2024-12-11,Facebook,14
2024-12-11,Referral,23
2024-12-11,Email,2
2024-12-11,Direct,7
2024-12-11,Partner,27
2024-12-12,Organic,32
2024-12-12,Google,22
2024-12-12,LinkedIn,3
2024-12-12,Facebook,22
2024-12-12,Referral,35
2024-12-12,Email,2
2024-12-12,Direct,10
2024-12-12,Partner,23
2024-12-13,Organic,39
2024-12-13,Google,30
2024-12-13,LinkedIn,32
2024-12-13,Facebook,13
2024-12-13,Referral,25
2024-12-13,Email,3
2024-12-13,Direct,13
2024-12-13,Partner,6
2024-12-14,Organic,42
2024-12-14,Google,34
2024-12-14,LinkedIn,19
2024-12-14,Facebook,12
2024-12-14,Referral,3
2024-12-14,Email,12
2024-12-14,Direct,11
2024-12-14,Partner,5
2024-12-15,Organic,46
2024-12-15,Google,20
2024-12-15,LinkedIn,4
2024-12-15,Facebook,14
2024-12-15,Referral,14
2024-12-15,Email,10
2024-12-15,Direct,1
2024-12-15,Partner,4
2024-12-16,Organic,34
2024-12-16,Google,20
2024-12-16,LinkedIn,6
2024-12-16,Facebook,11
2024-12-16,Referral,6
2024-12-16,Email,20
2024-12-16,Direct,7
2024-12-16,Partner,4
2024-12-17,Organic,36
2024-12-17,Google,28
2024-12-17,LinkedIn,37
2024-12-17,Facebook,15
2024-12-17,Referral,3
2024-12-17,Email,7
2024-12-17,Direct,7
2024-12-17,Partner,4
2024-12-18,Organic,41
2024-12-18,Google,25
2024-12-18,LinkedIn,14
2024-12-18,Facebook,11
2024-12-18,Referral,22
2024-12-18,Email,16
2024-12-18,Direct,2
2024-12-18,Partner,10
2024-12-19,Organic,45
2024-12-19,Google,34
2024-12-19,LinkedIn,16
2024-12-19,Facebook,12
2024-12-19,Referral,14
2024-12-19,Email,21
2024-12-19,Direct,11
2024-12-19,Partner,20
2024-12-20,Organic,47
2024-12-20,Google,13
2024-12-20,LinkedIn,13
2024-12-20,Facebook,20
2024-12-20,Referral,24
2024-12-20,Email,8
2024-12-20,Direct,1
2024-12-20,Partner,4
2024-12-21,Organic,42
2024-12-21,Google,30
2024-12-21,LinkedIn,16
2024-12-21,Facebook,9
2024-12-21,Referral,14
2024-12-21,Email,7
2024-12-21,Direct,17
2024-12-21,Partner,4
2024-12-22,Organic,34
2024-12-22,Google,25
2024-12-22,LinkedIn,49
2024-12-22,Facebook,12
2024-12-22,Referral,18
2024-12-22,Email,3
2024-12-22,Direct,17
2024-12-22,Partner,26
2024-12-23,Organic,54
2024-12-23,Google,25
2024-12-23,LinkedIn,39
2024-12-23,Facebook,13
2024-12-23,Referral,8
2024-12-23,Email,2
2024-12-23,Direct,4
2024-12-23,Partner,4
2024-12-24,Organic,50
2024-12-24,Google,36
2024-12-24,LinkedIn,30
2024-12-24,Facebook,12
2024-12-24,Referral,3
2024-12-24,Email,2
2024-12-24,Direct,14
2024-12-24,Partner,4
2024-12-25,Organic,37
2024-12-25,Google,29
2024-12-25,LinkedIn,15
2024-12-25,Facebook,19
2024-12-25,Referral,10
2024-12-25,Email,5
2024-12-25,Direct,11
2024-12-25,Partner,4
2024-12-26,Organic,38
2024-12-26,Google,34
2024-12-26,LinkedIn,34
2024-12-26,Facebook,19
2024-12-26,Referral,8
2024-12-26,Email,4
2024-12-26,Direct,8
2024-12-26,Partner,17
2024-12-27,Organic,41
2024-12-27,Google,18
2024-12-27,LinkedIn,8
2024-12-27,Facebook,21
2024-12-27,Referral,19
2024-12-27,Email,13
2024-12-27,Direct,14
2024-12-27,Partner,4
2024-12-28,Organic,50
2024-12-28,Google,25
2024-12-28,LinkedIn,4
2024-12-28,Facebook,11
2024-12-28,Referral,20
2024-12-28,Email,4
2024-12-28,Direct,11
2024-12-28,Partner,4
2024-12-29,Organic,45
2024-12-29,Google,25
2024-12-29,LinkedIn,19
2024-12-29,Facebook,14
2024-12-29,Referral,5
2024-12-29,Email,2
2024-12-29,Direct,1
2024-12-29,Partner,6
2024-12-30,Organic,31
2024-12-30,Google,32
2024-12-30,LinkedIn,22
2024-12-30,Facebook,12
2024-12-30,Referral,15
2024-12-30,Email,16
2024-12-30,Direct,7
2024-12-30,Partner,17
2024-12-31,Organic,51
2024-12-31,Google,32
2024-12-31,LinkedIn,28
2024-12-31,Facebook,9
2024-12-31,Referral,32
2024-12-31,Email,4
2024-12-31,Direct,14
2024-12-31,Partner,10
2025-01-01,Organic,48
2025-01-01,Google,28
2025-01-01,LinkedIn,13
2025-01-01,Facebook,16
2025-01-01,Referral,24
2025-01-01,Email,18
2025-01-01,Direct,12
2025-01-01,Partner,4
2025-01-02,Organic,53
2025-01-02,Google,32
2025-01-02,LinkedIn,8
2025-01-02,Facebook,12
2025-01-02,Referral,13
2025-01-02,Email,17
2025-01-02,Direct,4
2025-01-02,Partner,4
2025-01-03,Organic,46
2025-01-03,Google,28
2025-01-03,LinkedIn,3
2025-01-03,Facebook,18
2025-01-03,Referral,19
2025-01-03,Email,8
2025-01-03,Direct,13
2025-01-03,Partner,20
2025-01-04,Organic,42
2025-01-04,Google,24
2025-01-04,LinkedIn,3
2025-01-04,Facebook,19
2025-01-04,Referral,28
2025-01-04,Email,17
2025-01-04,Direct,1
2025-01-04,Partner,36
2025-01-05,Organic,33
2025-01-05,Google,32
2025-01-05,LinkedIn,11
2025-01-05,Facebook,9
2025-01-05,Referral,17
2025-01-05,Email,15
2025-01-05,Direct,2
2025-01-05,Partner,9
2025-01-06,Organic,41
2025-01-06,Google,24
2025-01-06,LinkedIn,21
2025-01-06,Facebook,13
2025-01-06,Referral,26
2025-01-06,Email,13
2025-01-06,Direct,16
2025-01-06,Partner,12
2025-01-07,Organic,41
2025-01-07,Google,28
2025-01-07,LinkedIn,18
2025-01-07,Facebook,13
2025-01-07,Referral,3
2025-01-07,Email,2
2025-01-07,Direct,1
2025-01-07,Partner,4
2025-01-08,Organic,37
2025-01-08,Google,29
2025-01-08,LinkedIn,24
2025-01-08,Facebook,13
2025-01-08,Referral,12
2025-01-08,Email,8
2025-01-08,Direct,7
2025-01-08,Partner,6
2025-01-09,Organic,50
2025-01-09,Google,32
2025-01-09,LinkedIn,8
2025-01-09,Facebook,14
2025-01-09,Referral,19
2025-01-09,Email,2
2025-01-09,Direct,15
2025-01-09,Partner,4
2025-01-10,Organic,35
2025-01-10,Google,30
2025-01-10,LinkedIn,17
2025-01-10,Facebook,25
2025-01-10,Referral,19
2025-01-10,Email,9
2025-01-10,Direct,1
2025-01-10,Partner,12
2025-01-11,Organic,45
2025-01-11,Google,20
2025-01-11,LinkedIn,3
2025-01-11,Facebook,6
2025-01-11,Referral,34
2025-01-11,Email,11
2025-01-11,Direct,1
2025-01-11,Partner,18
2025-01-12,Organic,28
2025-01-12,Google,27
2025-01-12,LinkedIn,12
2025-01-12,Facebook,12
2025-01-12,Referral,18
2025-01-12,Email,11
2025-01-12,Direct,16
2025-01-12,Partner,18
2025-01-13,Organic,32
2025-01-13,Google,27
2025-01-13,LinkedIn,10
2025-01-13,Facebook,12
2025-01-13,Referral,10
2025-01-13,Email,2
2025-01-13,Direct,10
2025-01-13,Partner,4
2025-01-14,Organic,36
2025-01-14,Google,36
2025-01-14,LinkedIn,13
2025-01-14,Facebook,16
2025-01-14,Referral,24
2025-01-14,Email,10
2025-01-14,Direct,2
2025-01-14,Partner,4
2025-01-15,Organic,34
2025-01-15,Google,25
2025-01-15,LinkedIn,35
2025-01-15,Facebook,19
2025-01-15,Referral,9
2025-01-15,Email,21
2025-01-15,Direct,17
2025-01-15,Partner,14
2025-01-16,Organic,53
2025-01-16,Google,24
2025-01-16,LinkedIn,3
2025-01-16,Facebook,13
2025-01-16,Referral,26
2025-01-16,Email,4
2025-01-16,Direct,12
2025-01-16,Partner,14
2025-01-17,Organic,40
2025-01-17,Google,42
2025-01-17,LinkedIn,25
2025-01-17,Facebook,13
2025-01-17,Referral,28
2025-01-17,Email,8
2025-01-17,Direct,5
2025-01-17,Partner,30
2025-01-18,Organic,40
2025-01-18,Google,28
2025-01-18,LinkedIn,13
2025-01-18,Facebook,18
2025-01-18,Referral,23
2025-01-18,Email,2
2025-01-18,Direct,1
2025-01-18,Partner,5
2025-01-19,Organic,48
2025-01-19,Google,18
2025-01-19,LinkedIn,9
2025-01-19,Facebook,18
2025-01-19,Referral,8
2025-01-19,Email,12
2025-01-19,Direct,4
2025-01-19,Partner,4
2025-01-20,Organic,57
2025-01-20,Google,32
2025-01-20,LinkedIn,11
2025-01-20,Facebook,14
2025-01-20,Referral,13
2025-01-20,Email,20
2025-01-20,Direct,3
2025-01-20,Partner,10
2025-01-21,Organic,56
2025-01-21,Google,28
2025-01-21,LinkedIn,39
2025-01-21,Facebook,15
2025-01-21,Referral,15
2025-01-21,Email,4
2025-01-21,Direct,7
2025-01-21,Partner,8
2025-01-22,Organic,52
2025-01-22,Google,36
2025-01-22,LinkedIn,3
2025-01-22,Facebook,11
2025-01-22,Referral,4
2025-01-22,Email,11
2025-01-22,Direct,8
2025-01-22,Partner,6
2025-01-23,Organic,47
2025-01-23,Google,24
2025-01-23,LinkedIn,10
2025-01-23,Facebook,21
2025-01-23,Referral,8
2025-01-23,Email,2
2025-01-23,Direct,10
2025-01-23,Partner,10
2025-01-24,Organic,49
2025-01-24,Google,25
2025-01-24,LinkedIn,5
2025-01-24,Facebook,11
2025-01-24,Referral,14
2025-01-24,Email,12
2025-01-24,Direct,24
2025-01-24,Partner,4
2025-01-25,Organic,45
2025-01-25,Google,23
2025-01-25,LinkedIn,35
2025-01-25,Facebook,10
2025-01-25,Referral,41
2025-01-25,Email,19
2025-01-25,Direct,10
2025-01-25,Partner,14
2025-01-26,Organic,45
2025-01-26,Google,22
2025-01-26,LinkedIn,34
2025-01-26,Facebook,21
2025-01-26,Referral,29
2025-01-26,Email,3
2025-01-26,Direct,7
2025-01-26,Partner,15
2025-01-27,Organic,41
2025-01-27,Google,23
2025-01-27,LinkedIn,11
2025-01-27,Facebook,14
2025-01-27,Referral,6
2025-01-27,Email,2
2025-01-27,Direct,5
2025-01-27,Partner,4
2025-01-28,Organic,46
2025-01-28,Google,28
2025-01-28,LinkedIn,34
2025-01-28,Facebook,17
2025-01-28,Referral,27
2025-01-28,Email,6
2025-01-28,Direct,10
2025-01-28,Partner,29
2025-01-29,Organic,41
2025-01-29,Google,34
2025-01-29,LinkedIn,22
2025-01-29,Facebook,12
2025-01-29,Referral,10
2025-01-29,Email,7
2025-01-29,Direct,10
2025-01-29,Partner,30
2025-01-30,Organic,46
2025-01-30,Google,24
2025-01-30,LinkedIn,3
2025-01-30,Facebook,20
2025-01-30,Referral,13
2025-01-30,Email,10
2025-01-30,Direct,17
2025-01-30,Partner,4
2025-01-31,Organic,52
2025-01-31,Google,17
2025-01-31,LinkedIn,14
2025-01-31,Facebook,10
2025-01-31,Referral,19
2025-01-31,Email,5
2025-01-31,Direct,12
2025-01-31,Partner,28
2025-02-01,Organic,46
2025-02-01,Google,24
2025-02-01,LinkedIn,23
2025-02-01,Facebook,15
2025-02-01,Referral,10
2025-02-01,Email,3
2025-02-01,Direct,12
2025-02-01,Partner,4
2025-02-02,Organic,36
2025-02-02,Google,25
2025-02-02,LinkedIn,12
2025-02-02,Facebook,13
2025-02-02,Referral,7
2025-02-02,Email,2
2025-02-02,Direct,5
2025-02-02,Partner,4
2025-02-03,Organic,54
2025-02-03,Google,35
2025-02-03,LinkedIn,28
2025-02-03,Facebook,13
2025-02-03,Referral,24
2025-02-03,Email,13
2025-02-03,Direct,6
2025-02-03,Partner,4
2025-02-04,Organic,39
2025-02-04,Google,27
2025-02-04,LinkedIn,5
2025-02-04,Facebook,10
2025-02-04,Referral,25
2025-02-04,Email,11
2025-02-04,Direct,8
2025-02-04,Partner,4
2025-02-05,Organic,42
2025-02-05,Google,34
2025-02-05,LinkedIn,17
2025-02-05,Facebook,10
2025-02-05,Referral,25
2025-02-05,Email,16
2025-02-05,Direct,3
2025-02-05,Partner,4
2025-02-06,Organic,40
2025-02-06,Google,25
2025-02-06,LinkedIn,17
2025-02-06,Facebook,14
2025-02-06,Referral,8
2025-02-06,Email,22
2025-02-06,Direct,12
2025-02-06,Partner,11
2025-02-07,Organic,45
2025-02-07,Google,22
2025-02-07,LinkedIn,18
2025-02-07,Facebook,9
2025-02-07,Referral,23
2025-02-07,Email,8
2025-02-07,Direct,9
2025-02-07,Partner,39
2025-02-08,Organic,50
2025-02-08,Google,20
2025-02-08,LinkedIn,29
2025-02-08,Facebook,15
2025-02-08,Referral,4
2025-02-08,Email,2
2025-02-08,Direct,1
2025-02-08,Partner,16
2025-02-09,Organic,35
2025-02-09,Google,33
2025-02-09,LinkedIn,21
2025-02-09,Facebook,16
2025-02-09,Referral,15
2025-02-09,Email,6
2025-02-09,Direct,7
2025-02-09,Partner,11
2025-02-10,Organic,46
2025-02-10,Google,33
2025-02-10,LinkedIn,5
2025-02-10,Facebook,25
2025-02-10,Referral,33
2025-02-10,Email,12
2025-02-10,Direct,8
2025-02-10,Partner,20
2025-02-11,Organic,48
2025-02-11,Google,25
2025-02-11,LinkedIn,7
2025-02-11,Facebook,7
2025-02-11,Referral,13
2025-02-11,Email,2
2025-02-11,Direct,12
2025-02-11,Partner,27
2025-02-12,Organic,43
2025-02-12,Google,17
2025-02-12,LinkedIn,7
2025-02-12,Facebook,18
2025-02-12,Referral,3
2025-02-12,Email,24
2025-02-12,Direct,10
2025-02-12,Partner,23
2025-02-13,Organic,44
2025-02-13,Google,30
2025-02-13,LinkedIn,13
2025-02-13,Facebook,6
2025-02-13,Referral,22
2025-02-13,Email,2
2025-02-13,Direct,2
2025-02-13,Partner,24
2025-02-14,Organic,31
2025-02-14,Google,44
2025-02-14,LinkedIn,31
2025-02-14,Facebook,18
2025-02-14,Referral,3
2025-02-14,Email,2
2025-02-14,Direct,6
2025-02-14,Partner,21
2025-02-15,Organic,50
2025-02-15,Google,40
2025-02-15,LinkedIn,11
2025-02-15,Facebook,15
2025-02-15,Referral,13
2025-02-15,Email,3
2025-02-15,Direct,7
2025-02-15,Partner,18
2025-02-16,Organic,37
2025-02-16,Google,29
2025-02-16,LinkedIn,4
2025-02-16,Facebook,5
2025-02-16,Referral,3
2025-02-16,Email,2
2025-02-16,Direct,8
2025-02-16,Partner,4
2025-02-17,Organic,49
2025-02-17,Google,26
2025-02-17,LinkedIn,3
2025-02-17,Facebook,9
2025-02-17,Referral,9
2025-02-17,Email,8
2025-02-17,Direct,11
2025-02-17,Partner,18
2025-02-18,Organic,35
2025-02-18,Google,25
2025-02-18,LinkedIn,25
2025-02-18,Facebook,6
2025-02-18,Referral,11
2025-02-18,Email,12
2025-02-18,Direct,7
2025-02-18,Partner,8
2025-02-19,Organic,36
2025-02-19,Google,30
2025-02-19,LinkedIn,18
2025-02-19,Facebook,18
2025-02-19,Referral,3
2025-02-19,Email,2
2025-02-19,Direct,2
2025-02-19,Partner,4
2025-02-20,Organic,31
2025-02-20,Google,31
2025-02-20,LinkedIn,5
2025-02-20,Facebook,9
2025-02-20,Referral,4
2025-02-20,Email,4
2025-02-20,Direct,1
2025-02-20,Partner,4
2025-02-21,Organic,52
2025-02-21,Google,32
2025-02-21,LinkedIn,7
2025-02-21,Facebook,16
2025-02-21,Referral,3
2025-02-21,Email,14
2025-02-21,Direct,3
2025-02-21,Partner,9
2025-02-22,Organic,37
2025-02-22,Google,23
2025-02-22,LinkedIn,10
2025-02-22,Facebook,9
2025-02-22,Referral,24
2025-02-22,Email,16
2025-02-22,Direct,5
2025-02-22,Partner,4
2025-02-23,Organic,41
2025-02-23,Google,30
2025-02-23,LinkedIn,3
2025-02-23,Facebook,8
2025-02-23,Referral,31
2025-02-23,Email,2
2025-02-23,Direct,1
2025-02-23,Partner,4
2025-02-24,Organic,42
2025-02-24,Google,36
2025-02-24,LinkedIn,26
2025-02-24,Facebook,15
2025-02-24,Referral,22
2025-02-24,Email,4
2025-02-24,Direct,13
2025-02-24,Partner,5
2025-02-25,Organic,49
2025-02-25,Google,16
2025-02-25,LinkedIn,33
2025-02-25,Facebook,7
2025-02-25,Referral,8
2025-02-25,Email,12
2025-02-25,Direct,15
2025-02-25,Partner,22
2025-02-26,Organic,41
2025-02-26,Google,24
2025-02-26,LinkedIn,13
2025-02-26,Facebook,15
2025-02-26,Referral,4
2025-02-26,Email,2
2025-02-26,Direct,1
2025-02-26,Partner,12
2025-02-27,Organic,35
2025-02-27,Google,31
2025-02-27,LinkedIn,16
2025-02-27,Facebook,15
2025-02-27,Referral,10
2025-02-27,Email,9
2025-02-27,Direct,13
2025-02-27,Partner,21
2025-02-28,Organic,54
2025-02-28,Google,30
2025-02-28,LinkedIn,7
2025-02-28,Facebook,9
2025-02-28,Referral,3
2025-02-28,Email,11
2025-02-28,Direct,11
2025-02-28,Partner,6
2025-03-01,Organic,46
2025-03-01,Google,28
2025-03-01,LinkedIn,38
2025-03-01,Facebook,21
2025-03-01,Referral,25
2025-03-01,Email,27
2025-03-01,Direct,16
2025-03-01,Partner,6
2025-03-02,Organic,27
2025-03-02,Google,18
2025-03-02,LinkedIn,21
2025-03-02,Facebook,9
2025-03-02,Referral,3
2025-03-02,Email,28
2025-03-02,Direct,14
2025-03-02,Partner,11
2025-03-03,Organic,45
2025-03-03,Google,35
2025-03-03,LinkedIn,7
2025-03-03,Facebook,22
2025-03-03,Referral,20
2025-03-03,Email,21
2025-03-03,Direct,4
2025-03-03,Partner,5
2025-03-04,Organic,31
2025-03-04,Google,20
2025-03-04,LinkedIn,28
2025-03-04,Facebook,6
2025-03-04,Referral,14
2025-03-04,Email,2
2025-03-04,Direct,14
2025-03-04,Partner,24
2025-03-05,Organic,57
2025-03-05,Google,26
2025-03-05,LinkedIn,18
2025-03-05,Facebook,6
2025-03-05,Referral,11
2025-03-05,Email,5
2025-03-05,Direct,16
2025-03-05,Partner,23
2025-03-06,Organic,37
2025-03-06,Google,26
2025-03-06,LinkedIn,32
2025-03-06,Facebook,13
2025-03-06,Referral,3
2025-03-06,Email,23
2025-03-06,Direct,1
2025-03-06,Partner,6
2025-03-07,Organic,34
2025-03-07,Google,44
2025-03-07,LinkedIn,14
2025-03-07,Facebook,17
2025-03-07,Referral,27
2025-03-07,Email,5
2025-03-07,Direct,10
2025-03-07,Partner,4
2025-03-08,Organic,32
2025-03-08,Google,27
2025-03-08,LinkedIn,6
2025-03-08,Facebook,15
2025-03-08,Referral,17
2025-03-08,Email,7
2025-03-08,Direct,9
2025-03-08,Partner,4
2025-03-09,Organic,55
2025-03-09,Google,30
2025-03-09,LinkedIn,36
2025-03-09,Facebook,15
2025-03-09,Referral,4
2025-03-09,Email,4
2025-03-09,Direct,8
2025-03-09,Partner,4
2025-03-10,Organic,40
2025-03-10,Google,24
2025-03-10,LinkedIn,22
2025-03-10,Facebook,14
2025-03-10,Referral,25
2025-03-10,Email,4
2025-03-10,Direct,7
2025-03-10,Partner,4
2025-03-11,Organic,50
2025-03-11,Google,36
2025-03-11,LinkedIn,3
2025-03-11,Facebook,12
2025-03-11,Referral,24
2025-03-11,Email,11
2025-03-11,Direct,14
2025-03-11,Partner,19
2025-03-12,Organic,33
2025-03-12,Google,28
2025-03-12,LinkedIn,29
2025-03-12,Facebook,9
2025-03-12,Referral,18
2025-03-12,Email,2
2025-03-12,Direct,1
2025-03-12,Partner,15
2025-03-13,Organic,45
2025-03-13,Google,22
2025-03-13,LinkedIn,40
2025-03-13,Facebook,15
2025-03-13,Referral,14
2025-03-13,Email,2
2025-03-13,Direct,6
2025-03-13,Partner,31
2025-03-14,Organic,35
2025-03-14,Google,17
2025-03-14,LinkedIn,5
2025-03-14,Facebook,15
2025-03-14,Referral,8
2025-03-14,Email,14
2025-03-14,Direct,1
2025-03-14,Partner,15
2025-03-15,Organic,50
2025-03-15,Google,28
2025-03-15,LinkedIn,19
2025-03-15,Facebook,11
2025-03-15,Referral,19
2025-03-15,Email,12
2025-03-15,Direct,1
2025-03-15,Partner,4
2025-03-16,Organic,48
2025-03-16,Google,30
2025-03-16,LinkedIn,29
2025-03-16,Facebook,11
2025-03-16,Referral,5
2025-03-16,Email,2
2025-03-16,Direct,16
2025-03-16,Partner,4
2025-03-17,Organic,47
2025-03-17,Google,26
2025-03-17,LinkedIn,39
2025-03-17,Facebook,16
2025-03-17,Referral,14
2025-03-17,Email,2
2025-03-17,Direct,7
2025-03-17,Partner,26
2025-03-18,Organic,46
2025-03-18,Google,32
2025-03-18,LinkedIn,15
2025-03-18,Facebook,12
2025-03-18,Referral,18
2025-03-18,Email,17
2025-03-18,Direct,7
2025-03-18,Partner,4
2025-03-19,Organic,47
2025-03-19,Google,31
2025-03-19,LinkedIn,11
2025-03-19,Facebook,7
2025-03-19,Referral,32
2025-03-19,Email,15
2025-03-19,Direct,9
2025-03-19,Partner,5
2025-03-20,Organic,39
2025-03-20,Google,18
2025-03-20,LinkedIn,17
2025-03-20,Facebook,13
2025-03-20,Referral,28
2025-03-20,Email,7
2025-03-20,Direct,5
2025-03-20,Partner,24
2025-03-21,Organic,35
2025-03-21,Google,39
2025-03-21,LinkedIn,11
2025-03-21,Facebook,19
2025-03-21,Referral,9
2025-03-21,Email,12
2025-03-21,Direct,15
2025-03-21,Partner,5
2025-03-22,Organic,57
2025-03-22,Google,39
2025-03-22,LinkedIn,32
2025-03-22,Facebook,11
2025-03-22,Referral,14
2025-03-22,Email,10
2025-03-22,Direct,17
2025-03-22,Partner,4
2025-03-23,Organic,47
2025-03-23,Google,22
2025-03-23,LinkedIn,32
2025-03-23,Facebook,15
2025-03-23,Referral,13
2025-03-23,Email,2
2025-03-23,Direct,14
2025-03-23,Partner,12
2025-03-24,Organic,32
2025-03-24,Google,28
2025-03-24,LinkedIn,32
2025-03-24,Facebook,17
2025-03-24,Referral,21
2025-03-24,Email,6
2025-03-24,Direct,4
2025-03-24,Partner,30
2025-03-25,Organic,31
2025-03-25,Google,32
2025-03-25,LinkedIn,14
2025-03-25,Facebook,15
2025-03-25,Referral,8
2025-03-25,Email,2
2025-03-25,Direct,15
2025-03-25,Partner,4
2025-03-26,Organic,46
2025-03-26,Google,39
2025-03-26,LinkedIn,11
2025-03-26,Facebook,18
2025-03-26,Referral,14
2025-03-26,Email,2
2025-03-26,Direct,10
2025-03-26,Partner,4
2025-03-27,Organic,44
2025-03-27,Google,25
2025-03-27,LinkedIn,20
2025-03-27,Facebook,15
2025-03-27,Referral,14
2025-03-27,Email,16
2025-03-27,Direct,9
2025-03-27,Partner,4
2025-03-28,Organic,47
2025-03-28,Google,21
2025-03-28,LinkedIn,22
2025-03-28,Facebook,12
2025-03-28,Referral,35
2025-03-28,Email,8
2025-03-28,Direct,3
2025-03-28,Partner,7
2025-03-29,Organic,48
2025-03-29,Google,32
2025-03-29,LinkedIn,3
2025-03-29,Facebook,3
2025-03-29,Referral,11
2025-03-29,Email,15
2025-03-29,Direct,7
2025-03-29,Partner,4
2025-03-30,Organic,43
2025-03-30,Google,28
2025-03-30,LinkedIn,25
2025-03-30,Facebook,9
2025-03-30,Referral,12
2025-03-30,Email,20
2025-03-30,Direct,5
2025-03-30,Partner,4
2025-03-31,Organic,43
2025-03-31,Google,17
2025-03-31,LinkedIn,27
2025-03-31,Facebook,7
2025-03-31,Referral,24
2025-03-31,Email,12
2025-03-31,Direct,14
2025-03-31,Partner,4
2025-04-01,Organic,45
2025-04-01,Google,33
2025-04-01,LinkedIn,24
2025-04-01,Facebook,9
2025-04-01,Referral,14
2025-04-01,Email,8
2025-04-01,Direct,7
2025-04-01,Partner,9
2025-04-02,Organic,42
2025-04-02,Google,41
2025-04-02,LinkedIn,11
2025-04-02,Facebook,13
2025-04-02,Referral,12
2025-04-02,Email,4
2025-04-02,Direct,10
2025-04-02,Partner,4
2025-04-03,Organic,46
2025-04-03,Google,25
2025-04-03,LinkedIn,27
2025-04-03,Facebook,17
2025-04-03,Referral,12
2025-04-03,Email,2
2025-04-03,Direct,11
2025-04-03,Partner,12
2025-04-04,Organic,41
2025-04-04,Google,30
2025-04-04,LinkedIn,37
2025-04-04,Facebook,9
2025-04-04,Referral,15
2025-04-04,Email,2
2025-04-04,Direct,16
2025-04-04,Partner,4
2025-04-05,Organic,46
2025-04-05,Google,20
2025-04-05,LinkedIn,6
2025-04-05,Facebook,18
2025-04-05,Referral,16
2025-04-05,Email,20
2025-04-05,Direct,3
2025-04-05,Partner,4
2025-04-06,Organic,43
2025-04-06,Google,27
2025-04-06,LinkedIn,5
2025-04-06,Facebook,13
2025-04-06,Referral,13
2025-04-06,Email,4
2025-04-06,Direct,14
2025-04-06,Partner,4
2025-04-07,Organic,42
2025-04-07,Google,34
2025-04-07,LinkedIn,6
2025-04-07,Facebook,11
2025-04-07,Referral,4
2025-04-07,Email,20
2025-04-07,Direct,3
2025-04-07,Partner,4
2025-04-08,Organic,38
2025-04-08,Google,37
2025-04-08,LinkedIn,3
2025-04-08,Facebook,19
2025-04-08,Referral,20
2025-04-08,Email,15
2025-04-08,Direct,1
2025-04-08,Partner,30
2025-04-09,Organic,45
2025-04-09,Google,24
2025-04-09,LinkedIn,22
2025-04-09,Facebook,11
2025-04-09,Referral,3
2025-04-09,Email,3
2025-04-09,Direct,3
2025-04-09,Partner,4
2025-04-10,Organic,37
2025-04-10,Google,28
2025-04-10,LinkedIn,24
2025-04-10,Facebook,7
2025-04-10,Referral,20
2025-04-10,Email,2
2025-04-10,Direct,8
2025-04-10,Partner,9
2025-04-11,Organic,44
2025-04-11,Google,26
2025-04-11,LinkedIn,4
2025-04-11,Facebook,16
2025-04-11,Referral,24
2025-04-11,Email,3
2025-04-11,Direct,3
2025-04-11,Partner,14
2025-04-12,Organic,45
2025-04-12,Google,20
2025-04-12,LinkedIn,13
2025-04-12,Facebook,12
2025-04-12,Referral,17
2025-04-12,Email,2
2025-04-12,Direct,1
2025-04-12,Partner,4
2025-04-13,Organic,50
2025-04-13,Google,32
2025-04-13,LinkedIn,49
2025-04-13,Facebook,12
2025-04-13,Referral,17
2025-04-13,Email,12
2025-04-13,Direct,10
2025-04-13,Partner,19
2025-04-14,Organic,44
2025-04-14,Google,23
2025-04-14,LinkedIn,3
2025-04-14,Facebook,15
2025-04-14,Referral,13
2025-04-14,Email,3
2025-04-14,Direct,7
2025-04-14,Partner,25
2025-04-15,Organic,45
2025-04-15,Google,32
2025-04-15,LinkedIn,33
2025-04-15,Facebook,6
2025-04-15,Referral,21
2025-04-15,Email,15
2025-04-15,Direct,1
2025-04-15,Partner,6
2025-04-16,Organic,31
2025-04-16,Google,24
2025-04-16,LinkedIn,10
2025-04-16,Facebook,10
2025-04-16,Referral,3
2025-04-16,Email,8
2025-04-16,Direct,7
2025-04-16,Partner,12
2025-04-17,Organic,51
2025-04-17,Google,32
2025-04-17,LinkedIn,3
2025-04-17,Facebook,14
2025-04-17,Referral,4
2025-04-17,Email,6
2025-04-17,Direct,9
2025-04-17,Partner,4
2025-04-18,Organic,50
2025-04-18,Google,36
2025-04-18,LinkedIn,3
2025-04-18,Facebook,7
2025-04-18,Referral,33
2025-04-18,Email,6
2025-04-18,Direct,1
2025-04-18,Partner,9
2025-04-19,Organic,50
2025-04-19,Google,27
2025-04-19,LinkedIn,10
2025-04-19,Facebook,6
2025-04-19,Referral,12
2025-04-19,Email,2
2025-04-19,Direct,4
2025-04-19,Partner,38
2025-04-20,Organic,36
2025-04-20,Google,22
2025-04-20,LinkedIn,21
2025-04-20,Facebook,12
2025-04-20,Referral,5
2025-04-20,Email,10
2025-04-20,Direct,8
2025-04-20,Partner,18
2025-04-21,Organic,46
2025-04-21,Google,37
2025-04-21,LinkedIn,30
2025-04-21,Facebook,18
2025-04-21,Referral,9
2025-04-21,Email,8
2025-04-21,Direct,14
2025-04-21,Partner,4
2025-04-22,Organic,45
2025-04-22,Google,27
2025-04-22,LinkedIn,20
2025-04-22,Facebook,13
2025-04-22,Referral,19
2025-04-22,Email,2
2025-04-22,Direct,9
2025-04-22,Partner,8
2025-04-23,Organic,45
2025-04-23,Google,24
2025-04-23,LinkedIn,23
2025-04-23,Facebook,11
2025-04-23,Referral,24
2025-04-23,Email,10
2025-04-23,Direct,3
2025-04-23,Partner,7
2025-04-24,Organic,45
2025-04-24,Google,24
2025-04-24,LinkedIn,21
2025-04-24,Facebook,15
2025-04-24,Referral,13
2025-04-24,Email,7
2025-04-24,Direct,14
2025-04-24,Partner,12
2025-04-25,Organic,36
2025-04-25,Google,19
2025-04-25,LinkedIn,14
2025-04-25,Facebook,26
2025-04-25,Referral,11
2025-04-25,Email,8
2025-04-25,Direct,4
2025-04-25,Partner,11
2025-04-26,Organic,46
2025-04-26,Google,26
2025-04-26,LinkedIn,20
2025-04-26,Facebook,14
2025-04-26,Referral,4
2025-04-26,Email,5
2025-04-26,Direct,14
2025-04-26,Partner,21
2025-04-27,Organic,43
2025-04-27,Google,28
2025-04-27,LinkedIn,8
2025-04-27,Facebook,9
2025-04-27,Referral,3
2025-04-27,Email,3
2025-04-27,Direct,6
2025-04-27,Partner,4
2025-04-28,Organic,43
2025-04-28,Google,28
2025-04-28,LinkedIn,30
2025-04-28,Facebook,4
2025-04-28,Referral,6
2025-04-28,Email,2
2025-04-28,Direct,7
2025-04-28,Partner,4
2025-04-29,Organic,38
2025-04-29,Google,28
2025-04-29,LinkedIn,25
2025-04-29,Facebook,3
2025-04-29,Referral,15
2025-04-29,Email,14
2025-04-29,Direct,14
2025-04-29,Partner,14
2025-04-30,Organic,45
2025-04-30,Google,40
2025-04-30,LinkedIn,17
2025-04-30,Facebook,12
2025-04-30,Referral,10
2025-04-30,Email,8
2025-04-30,Direct,6
2025-04-30,Partner,8
2025-05-01,Organic,58
2025-05-01,Google,28
2025-05-01,LinkedIn,23
2025-05-01,Facebook,11
2025-05-01,Referral,19
2025-05-01,Email,18
2025-05-01,Direct,17
2025-05-01,Partner,4
2025-05-02,Organic,60
2025-05-02,Google,32
2025-05-02,LinkedIn,13
2025-05-02,Facebook,12
2025-05-02,Referral,10
2025-05-02,Email,9
2025-05-02,Direct,14
2025-05-02,Partner,13
2025-05-03,Organic,38
2025-05-03,Google,25
2025-05-03,LinkedIn,31
2025-05-03,Facebook,8
2025-05-03,Referral,15
2025-05-03,Email,3
2025-05-03,Direct,4
2025-05-03,Partner,11
2025-05-04,Organic,37
2025-05-04,Google,21
2025-05-04,LinkedIn,36
2025-05-04,Facebook,24
2025-05-04,Referral,3
2025-05-04,Email,2
2025-05-04,Direct,8
2025-05-04,Partner,17
2025-05-05,Organic,44
2025-05-05,Google,31
2025-05-05,LinkedIn,17
2025-05-05,Facebook,12
2025-05-05,Referral,27
2025-05-05,Email,5
2025-05-05,Direct,14
2025-05-05,Partner,15
2025-05-06,Organic,31
2025-05-06,Google,26
2025-05-06,LinkedIn,27
2025-05-06,Facebook,21
2025-05-06,Referral,13
2025-05-06,Email,8
2025-05-06,Direct,7
2025-05-06,Partner,13
2025-05-07,Organic,30
2025-05-07,Google,24
2025-05-07,LinkedIn,13
2025-05-07,Facebook,17
2025-05-07,Referral,22
2025-05-07,Email,7
2025-05-07,Direct,3
2025-05-07,Partner,12
2025-05-08,Organic,36
2025-05-08,Google,24
2025-05-08,LinkedIn,16
2025-05-08,Facebook,11
2025-05-08,Referral,3
2025-05-08,Email,2
2025-05-08,Direct,19
2025-05-08,Partner,19
2025-05-09,Organic,44
2025-05-09,Google,23
2025-05-09,LinkedIn,31
2025-05-09,Facebook,15
2025-05-09,Referral,24
2025-05-09,Email,14
2025-05-09,Direct,1
2025-05-09,Partner,24
2025-05-10,Organic,41
2025-05-10,Google,21
2025-05-10,LinkedIn,15
2025-05-10,Facebook,12
2025-05-10,Referral,28
2025-05-10,Email,3
2025-05-10,Direct,13
2025-05-10,Partner,11
2025-05-11,Organic,36
2025-05-11,Google,25
2025-05-11,LinkedIn,9
2025-05-11,Facebook,15
2025-05-11,Referral,3
2025-05-11,Email,2
2025-05-11,Direct,12
2025-05-11,Partner,4
2025-05-12,Organic,45
2025-05-12,Google,24
2025-05-12,LinkedIn,20
2025-05-12,Facebook,13
2025-05-12,Referral,32
2025-05-12,Email,9
2025-05-12,Direct,14
2025-05-12,Partner,4
2025-05-13,Organic,54
2025-05-13,Google,23
2025-05-13,LinkedIn,17
2025-05-13,Facebook,6
2025-05-13,Referral,3
2025-05-13,Email,19
2025-05-13,Direct,14
2025-05-13,Partner,4
2025-05-14,Organic,31
2025-05-14,Google,33
2025-05-14,LinkedIn,30
2025-05-14,Facebook,18
2025-05-14,Referral,9
2025-05-14,Email,10
2025-05-14,Direct,3
2025-05-14,Partner,20
2025-05-15,Organic,34
2025-05-15,Google,28
2025-05-15,LinkedIn,31
2025-05-15,Facebook,11
2025-05-15,Referral,29
2025-05-15,Email,2
2025-05-15,Direct,1
2025-05-15,Partner,10
2025-05-16,Organic,45
2025-05-16,Google,31
2025-05-16,LinkedIn,16
2025-05-16,Facebook,19
2025-05-16,Referral,35
2025-05-16,Email,2
2025-05-16,Direct,2
2025-05-16,Partner,4
2025-05-17,Organic,52
2025-05-17,Google,32
2025-05-17,LinkedIn,17
2025-05-17,Facebook,11
2025-05-17,Referral,3
2025-05-17,Email,10
2025-05-17,Direct,7
2025-05-17,Partner,12
2025-05-18,Organic,35
2025-05-18,Google,27
2025-05-18,LinkedIn,21
2025-05-18,Facebook,15
2025-05-18,Referral,23
2025-05-18,Email,3
2025-05-18,Direct,15
2025-05-18,Partner,6
2025-05-19,Organic,61
2025-05-19,Google,32
2025-05-19,LinkedIn,3
2025-05-19,Facebook,11
2025-05-19,Referral,31
2025-05-19,Email,2
2025-05-19,Direct,9
2025-05-19,Partner,17
2025-05-20,Organic,56
2025-05-20,Google,28
2025-05-20,LinkedIn,15
2025-05-20,Facebook,9
2025-05-20,Referral,3
2025-05-20,Email,16
2025-05-20,Direct,3
2025-05-20,Partner,5
2025-05-21,Organic,47
2025-05-21,Google,22
2025-05-21,LinkedIn,3
2025-05-21,Facebook,15
2025-05-21,Referral,3
2025-05-21,Email,14
2025-05-21,Direct,7
2025-05-21,Partner,9
2025-05-22,Organic,36
2025-05-22,Google,23
2025-05-22,LinkedIn,9
2025-05-22,Facebook,7
2025-05-22,Referral,18
2025-05-22,Email,2
2025-05-22,Direct,14
2025-05-22,Partner,18
2025-05-23,Organic,40
2025-05-23,Google,16
2025-05-23,LinkedIn,17
2025-05-23,Facebook,19
2025-05-23,Referral,11
2025-05-23,Email,2
2025-05-23,Direct,5
2025-05-23,Partner,19
2025-05-24,Organic,42
2025-05-24,Google,40
2025-05-24,LinkedIn,3
2025-05-24,Facebook,14
2025-05-24,Referral,19
2025-05-24,Email,22
2025-05-24,Direct,2
2025-05-24,Partner,4
2025-05-25,Organic,50
2025-05-25,Google,30
2025-05-25,LinkedIn,7
2025-05-25,Facebook,11
2025-05-25,Referral,24
2025-05-25,Email,12
2025-05-25,Direct,7
2025-05-25,Partner,12
2025-05-26,Organic,50
2025-05-26,Google,12
2025-05-26,LinkedIn,21
2025-05-26,Facebook,13
2025-05-26,Referral,13
2025-05-26,Email,12
2025-05-26,Direct,7
2025-05-26,Partner,11
2025-05-27,Organic,48
2025-05-27,Google,36
2025-05-27,LinkedIn,14
2025-05-27,Facebook,18
2025-05-27,Referral,4
2025-05-27,Email,2
2025-05-27,Direct,16
2025-05-27,Partner,25
2025-05-28,Organic,42
2025-05-28,Google,23
2025-05-28,LinkedIn,29
2025-05-28,Facebook,24
2025-05-28,Referral,19
2025-05-28,Email,11
2025-05-28,Direct,14
2025-05-28,Partner,14
2025-05-29,Organic,42
2025-05-29,Google,17
2025-05-29,LinkedIn,17
2025-05-29,Facebook,10
2025-05-29,Referral,20
2025-05-29,Email,2
2025-05-29,Direct,1
2025-05-29,Partner,22
2025-05-30,Organic,48
2025-05-30,Google,26
2025-05-30,LinkedIn,15
2025-05-30,Facebook,12
2025-05-30,Referral,17
2025-05-30,Email,2
2025-05-30,Direct,20
2025-05-30,Partner,9
2025-05-31,Organic,50
2025-05-31,Google,23
2025-05-31,LinkedIn,17
2025-05-31,Facebook,18
2025-05-31,Referral,10
2025-05-31,Email,14
2025-05-31,Direct,24
2025-05-31,Partner,4
2025-06-01,Organic,45
2025-06-01,Google,19
2025-06-01,LinkedIn,21
2025-06-01,Facebook,22
2025-06-01,Referral,15
2025-06-01,Email,11
2025-06-01,Direct,3
2025-06-01,Partner,4
2025-06-02,Organic,35
2025-06-02,Google,31
2025-06-02,LinkedIn,21
2025-06-02,Facebook,24
2025-06-02,Referral,24
2025-06-02,Email,8
2025-06-02,Direct,9
2025-06-02,Partner,4
2025-06-03,Organic,49
2025-06-03,Google,21
2025-06-03,LinkedIn,13
2025-06-03,Facebook,17
2025-06-03,Referral,11
2025-06-03,Email,2
2025-06-03,Direct,12
2025-06-03,Partner,18
2025-06-04,Organic,37
2025-06-04,Google,33
2025-06-04,LinkedIn,11
2025-06-04,Facebook,12
2025-06-04,Referral,22
2025-06-04,Email,19
2025-06-04,Direct,1
2025-06-04,Partner,14
2025-06-05,Organic,36
2025-06-05,Google,36
2025-06-05,LinkedIn,15
2025-06-05,Facebook,13
2025-06-05,Referral,25
2025-06-05,Email,11
2025-06-05,Direct,9
2025-06-05,Partner,9
2025-06-06,Organic,59
2025-06-06,Google,33
2025-06-06,LinkedIn,11
2025-06-06,Facebook,16
2025-06-06,Referral,26
2025-06-06,Email,2
2025-06-06,Direct,6
2025-06-06,Partner,4
2025-06-07,Organic,39
2025-06-07,Google,15
2025-06-07,LinkedIn,37
2025-06-07,Facebook,15
2025-06-07,Referral,32
2025-06-07,Email,6
2025-06-07,Direct,7
2025-06-07,Partner,23
2025-06-08,Organic,45
2025-06-08,Google,20
2025-06-08,LinkedIn,28
2025-06-08,Facebook,16
2025-06-08,Referral,9
2025-06-08,Email,4
2025-06-08,Direct,14
2025-06-08,Partner,9
2025-06-09,Organic,50
2025-06-09,Google,33
2025-06-09,LinkedIn,22
2025-06-09,Facebook,5
2025-06-09,Referral,9
2025-06-09,Email,2
2025-06-09,Direct,16
2025-06-09,Partner,4
2025-06-10,Organic,33
2025-06-10,Google,32
2025-06-10,LinkedIn,34
2025-06-10,Facebook,15
2025-06-10,Referral,19
2025-06-10,Email,4
2025-06-10,Direct,19
2025-06-10,Partner,11
2025-06-11,Organic,44
2025-06-11,Google,25
2025-06-11,LinkedIn,11
2025-06-11,Facebook,8
2025-06-11,Referral,30
2025-06-11,Email,16
2025-06-11,Direct,7
2025-06-11,Partner,46
2025-06-12,Organic,51
2025-06-12,Google,28
2025-06-12,LinkedIn,3
2025-06-12,Facebook,12
2025-06-12,Referral,6
2025-06-12,Email,15
2025-06-12,Direct,3
2025-06-12,Partner,6
2025-06-13,Organic,27
2025-06-13,Google,28
2025-06-13,LinkedIn,24
2025-06-13,Facebook,15
2025-06-13,Referral,4
2025-06-13,Email,11
2025-06-13,Direct,1
2025-06-13,Partner,22
2025-06-14,Organic,40
2025-06-14,Google,24
2025-06-14,LinkedIn,15
2025-06-14,Facebook,12
2025-06-14,Referral,22
2025-06-14,Email,4
2025-06-14,Direct,12
2025-06-14,Partner,13
2025-06-15,Organic,25
2025-06-15,Google,34
2025-06-15,LinkedIn,28
2025-06-15,Facebook,6
2025-06-15,Referral,14
2025-06-15,Email,9
2025-06-15,Direct,14
2025-06-15,Partner,6
2025-06-16,Organic,36
2025-06-16,Google,16
2025-06-16,LinkedIn,3
2025-06-16,Facebook,22
2025-06-16,Referral,10
2025-06-16,Email,12
2025-06-16,Direct,7
2025-06-16,Partner,4
2025-06-17,Organic,55
2025-06-17,Google,23
2025-06-17,LinkedIn,25
2025-06-17,Facebook,17
2025-06-17,Referral,14
2025-06-17,Email,9
2025-06-17,Direct,8
2025-06-17,Partner,28
2025-06-18,Organic,42
2025-06-18,Google,30
2025-06-18,LinkedIn,7
2025-06-18,Facebook,13
2025-06-18,Referral,16
2025-06-18,Email,3
2025-06-18,Direct,9
2025-06-18,Partner,32
2025-06-19,Organic,48
2025-06-19,Google,25
2025-06-19,LinkedIn,22
2025-06-19,Facebook,15
2025-06-19,Referral,8
2025-06-19,Email,6
2025-06-19,Direct,4
2025-06-19,Partner,26
2025-06-20,Organic,47
2025-06-20,Google,29
2025-06-20,LinkedIn,3
2025-06-20,Facebook,12
2025-06-20,Referral,6
2025-06-20,Email,7
2025-06-20,Direct,3
2025-06-20,Partner,5
2025-06-21,Organic,50
2025-06-21,Google,22
2025-06-21,LinkedIn,3
2025-06-21,Facebook,10
2025-06-21,Referral,19
2025-06-21,Email,3
2025-06-21,Direct,14
2025-06-21,Partner,12
2025-06-22,Organic,50
2025-06-22,Google,26
2025-06-22,LinkedIn,21
2025-06-22,Facebook,18
2025-06-22,Referral,3
2025-06-22,Email,8
2025-06-22,Direct,11
2025-06-22,Partner,4
2025-06-23,Organic,41
2025-06-23,Google,32
2025-06-23,LinkedIn,19
2025-06-23,Facebook,8
2025-06-23,Referral,34
2025-06-23,Email,2
2025-06-23,Direct,6
2025-06-23,Partner,8
2025-06-24,Organic,41
2025-06-24,Google,33
2025-06-24,LinkedIn,26
2025-06-24,Facebook,15
2025-06-24,Referral,10
2025-06-24,Email,5
2025-06-24,Direct,1
2025-06-24,Partner,21
2025-06-25,Organic,47
2025-06-25,Google,33
2025-06-25,LinkedIn,13
2025-06-25,Facebook,11
2025-06-25,Referral,6
2025-06-25,Email,10
2025-06-25,Direct,14
2025-06-25,Partner,17
2025-06-26,Organic,60
2025-06-26,Google,25
2025-06-26,LinkedIn,6
2025-06-26,Facebook,12
2025-06-26,Referral,10
2025-06-26,Email,8
2025-06-26,Direct,1
2025-06-26,Partner,21
2025-06-27,Organic,55
2025-06-27,Google,37
2025-06-27,LinkedIn,39
2025-06-27,Facebook,15
2025-06-27,Referral,22
2025-06-27,Email,11
2025-06-27,Direct,3
2025-06-27,Partner,9
2025-06-28,Organic,31
2025-06-28,Google,24
2025-06-28,LinkedIn,21
2025-06-28,Facebook,4
2025-06-28,Referral,19
2025-06-28,Email,2
2025-06-28,Direct,13
2025-06-28,Partner,6
2025-06-29,Organic,35
2025-06-29,Google,44
2025-06-29,LinkedIn,11
2025-06-29,Facebook,7
2025-06-29,Referral,34
2025-06-29,Email,14
2025-06-29,Direct,10
2025-06-29,Partner,6
2025-06-30,Organic,34
2025-06-30,Google,38
2025-06-30,LinkedIn,18
2025-06-30,Facebook,15
2025-06-30,Referral,14
2025-06-30,Email,6
2025-06-30,Direct,5
2025-06-30,Partner,12
2025-07-01,Organic,37
2025-07-01,Google,31
2025-07-01,LinkedIn,15
2025-07-01,Facebook,9
2025-07-01,Referral,8
2025-07-01,Email,3
2025-07-01,Direct,7
2025-07-01,Partner,18
2025-07-02,Organic,37
2025-07-02,Google,32
2025-07-02,LinkedIn,3
2025-07-02,Facebook,12
2025-07-02,Referral,21
2025-07-02,Email,12
2025-07-02,Direct,19
2025-07-02,Partner,6
2025-07-03,Organic,50
2025-07-03,Google,31
2025-07-03,LinkedIn,26
2025-07-03,Facebook,14
2025-07-03,Referral,30
2025-07-03,Email,12
2025-07-03,Direct,1
2025-07-03,Partner,28
2025-07-04,Organic,27
2025-07-04,Google,22
2025-07-04,LinkedIn,25
2025-07-04,Facebook,3
2025-07-04,Referral,16
2025-07-04,Email,2
2025-07-04,Direct,4
2025-07-04,Partner,4
2025-07-05,Organic,54
2025-07-05,Google,27
2025-07-05,LinkedIn,24
2025-07-05,Facebook,19
2025-07-05,Referral,14
2025-07-05,Email,23
2025-07-05,Direct,10
2025-07-05,Partner,6
2025-07-06,Organic,54
2025-07-06,Google,23
2025-07-06,LinkedIn,4
2025-07-06,Facebook,12
2025-07-06,Referral,30
2025-07-06,Email,4
2025-07-06,Direct,1
2025-07-06,Partner,13
2025-07-07,Organic,41
2025-07-07,Google,31
2025-07-07,LinkedIn,17
2025-07-07,Facebook,13
2025-07-07,Referral,4
2025-07-07,Email,13
2025-07-07,Direct,8
2025-07-07,Partner,4
2025-07-08,Organic,40
2025-07-08,Google,20
2025-07-08,LinkedIn,7
2025-07-08,Facebook,11
2025-07-08,Referral,4
2025-07-08,Email,20
2025-07-08,Direct,4
2025-07-08,Partner,6
2025-07-09,Organic,31
2025-07-09,Google,36
2025-07-09,LinkedIn,15
2025-07-09,Facebook,11
2025-07-09,Referral,14
2025-07-09,Email,17
2025-07-09,Direct,8
2025-07-09,Partner,4
2025-07-10,Organic,41
2025-07-10,Google,20
2025-07-10,LinkedIn,13
2025-07-10,Facebook,12
2025-07-10,Referral,17
2025-07-10,Email,17
2025-07-10,Direct,7
2025-07-10,Partner,4
2025-07-11,Organic,50
2025-07-11,Google,42
2025-07-11,LinkedIn,29
2025-07-11,Facebook,13
2025-07-11,Referral,13
2025-07-11,Email,2
2025-07-11,Direct,13
2025-07-11,Partner,4
2025-07-12,Organic,41
2025-07-12,Google,24
2025-07-12,LinkedIn,21
2025-07-12,Facebook,11
2025-07-12,Referral,21
2025-07-12,Email,16
2025-07-12,Direct,3
2025-07-12,Partner,14
2025-07-13,Organic,45
2025-07-13,Google,33
2025-07-13,LinkedIn,19
2025-07-13,Facebook,10
2025-07-13,Referral,22
2025-07-13,Email,2
2025-07-13,Direct,7
2025-07-13,Partner,10
2025-07-14,Organic,44
2025-07-14,Google,34
2025-07-14,LinkedIn,21
2025-07-14,Facebook,19
2025-07-14,Referral,10
2025-07-14,Email,16
2025-07-14,Direct,12
2025-07-14,Partner,4
2025-07-15,Organic,40
2025-07-15,Google,20
2025-07-15,LinkedIn,27
2025-07-15,Facebook,17
2025-07-15,Referral,8
2025-07-15,Email,12
2025-07-15,Direct,16
2025-07-15,Partner,15
2025-07-16,Organic,52
2025-07-16,Google,21
2025-07-16,LinkedIn,9
2025-07-16,Facebook,11
2025-07-16,Referral,29
2025-07-16,Email,2
2025-07-16,Direct,1
2025-07-16,Partner,36
2025-07-17,Organic,37
2025-07-17,Google,24
2025-07-17,LinkedIn,24
2025-07-17,Facebook,16
2025-07-17,Referral,4
2025-07-17,Email,14
2025-07-17,Direct,7
2025-07-17,Partner,4
2025-07-18,Organic,42
2025-07-18,Google,30
2025-07-18,LinkedIn,22
2025-07-18,Facebook,15
2025-07-18,Referral,33
2025-07-18,Email,11
2025-07-18,Direct,6
2025-07-18,Partner,12
2025-07-19,Organic,37
2025-07-19,Google,30
2025-07-19,LinkedIn,18
2025-07-19,Facebook,23
2025-07-19,Referral,25
2025-07-19,Email,17
2025-07-19,Direct,4
2025-07-19,Partner,17
2025-07-20,Organic,39
2025-07-20,Google,20
2025-07-20,LinkedIn,5
2025-07-20,Facebook,17
2025-07-20,Referral,30
2025-07-20,Email,24
2025-07-20,Direct,6
2025-07-20,Partner,12
2025-07-21,Organic,48
2025-07-21,Google,28
2025-07-21,LinkedIn,30
2025-07-21,Facebook,9
2025-07-21,Referral,26
2025-07-21,Email,4
2025-07-21,Direct,12
2025-07-21,Partner,25
2025-07-22,Organic,49
2025-07-22,Google,12
2025-07-22,LinkedIn,29
2025-07-22,Facebook,7
2025-07-22,Referral,8
2025-07-22,Email,20
2025-07-22,Direct,8
2025-07-22,Partner,4
2025-07-23,Organic,32
2025-07-23,Google,30
2025-07-23,LinkedIn,29
2025-07-23,Facebook,10
2025-07-23,Referral,18
2025-07-23,Email,23
2025-07-23,Direct,8
2025-07-23,Partner,7
2025-07-24,Organic,51
2025-07-24,Google,28
2025-07-24,LinkedIn,23
2025-07-24,Facebook,10
2025-07-24,Referral,9
2025-07-24,Email,2
2025-07-24,Direct,10
2025-07-24,Partner,13
2025-07-25,Organic,51
2025-07-25,Google,28
2025-07-25,LinkedIn,21
2025-07-25,Facebook,16
2025-07-25,Referral,22
2025-07-25,Email,15
2025-07-25,Direct,3
2025-07-25,Partner,4
2025-07-26,Organic,54
2025-07-26,Google,33
2025-07-26,LinkedIn,15
2025-07-26,Facebook,17
2025-07-26,Referral,10
2025-07-26,Email,2
2025-07-26,Direct,10
2025-07-26,Partner,20
2025-07-27,Organic,50
2025-07-27,Google,22
2025-07-27,LinkedIn,22
2025-07-27,Facebook,20
2025-07-27,Referral,28
2025-07-27,Email,3
2025-07-27,Direct,5
2025-07-27,Partner,11
2025-07-28,Organic,45
2025-07-28,Google,20
2025-07-28,LinkedIn,11
2025-07-28,Facebook,12
2025-07-28,Referral,11
2025-07-28,Email,5
2025-07-28,Direct,14
2025-07-28,Partner,4
2025-07-29,Organic,41
2025-07-29,Google,28
2025-07-29,LinkedIn,6
2025-07-29,Facebook,15
2025-07-29,Referral,7
2025-07-29,Email,7
2025-07-29,Direct,16
2025-07-29,Partner,4
2025-07-30,Organic,57
2025-07-30,Google,28
2025-07-30,LinkedIn,10
2025-07-30,Facebook,14
2025-07-30,Referral,4
2025-07-30,Email,11
2025-07-30,Direct,7
2025-07-30,Partner,21
2025-07-31,Organic,41
2025-07-31,Google,20
2025-07-31,LinkedIn,3
2025-07-31,Facebook,13
2025-07-31,Referral,36
2025-07-31,Email,8
2025-07-31,Direct,2
2025-07-31,Partner,18
2025-08-01,Organic,52
2025-08-01,Google,29
2025-08-01,LinkedIn,19
2025-08-01,Facebook,12
2025-08-01,Referral,23
2025-08-01,Email,16
2025-08-01,Direct,6
2025-08-01,Partner,4
2025-08-02,Organic,68
2025-08-02,Google,39
2025-08-02,LinkedIn,36
2025-08-02,Facebook,9
2025-08-02,Referral,15
2025-08-02,Email,2
2025-08-02,Direct,8
2025-08-02,Partner,18
2025-08-03,Organic,51
2025-08-03,Google,31
2025-08-03,LinkedIn,28
2025-08-03,Facebook,7
2025-08-03,Referral,15
2025-08-03,Email,17
2025-08-03,Direct,12
2025-08-03,Partner,19
2025-08-04,Organic,50
2025-08-04,Google,20
2025-08-04,LinkedIn,11
2025-08-04,Facebook,3
2025-08-04,Referral,27
2025-08-04,Email,4
2025-08-04,Direct,10
2025-08-04,Partner,24
2025-08-05,Organic,34
2025-08-05,Google,38
2025-08-05,LinkedIn,24
2025-08-05,Facebook,21
2025-08-05,Referral,15
2025-08-05,Email,15
2025-08-05,Direct,7
2025-08-05,Partner,6
2025-08-06,Organic,49
2025-08-06,Google,24
2025-08-06,LinkedIn,28
2025-08-06,Facebook,17
2025-08-06,Referral,13
2025-08-06,Email,15
2025-08-06,Direct,15
2025-08-06,Partner,22
2025-08-07,Organic,40
2025-08-07,Google,22
2025-08-07,LinkedIn,17
2025-08-07,Facebook,14
2025-08-07,Referral,28
2025-08-07,Email,2
2025-08-07,Direct,3
2025-08-07,Partner,4
2025-08-08,Organic,40
2025-08-08,Google,21
2025-08-08,LinkedIn,10
2025-08-08,Facebook,15
2025-08-08,Referral,6
2025-08-08,Email,17
2025-08-08,Direct,14
2025-08-08,Partner,5
2025-08-09,Organic,42
2025-08-09,Google,25
2025-08-09,LinkedIn,6
2025-08-09,Facebook,9
2025-08-09,Referral,3
2025-08-09,Email,2
2025-08-09,Direct,11
2025-08-09,Partner,5
2025-08-10,Organic,43
2025-08-10,Google,20
2025-08-10,LinkedIn,22
2025-08-10,Facebook,21
2025-08-10,Referral,19
2025-08-10,Email,20
2025-08-10,Direct,7
2025-08-10,Partner,4
2025-08-11,Organic,38
2025-08-11,Google,28
2025-08-11,LinkedIn,6
2025-08-11,Facebook,12
2025-08-11,Referral,4
2025-08-11,Email,12
2025-08-11,Direct,12
2025-08-11,Partner,4
2025-08-12,Organic,50
2025-08-12,Google,36
2025-08-12,LinkedIn,11
2025-08-12,Facebook,11
2025-08-12,Referral,22
2025-08-12,Email,2
2025-08-12,Direct,3
2025-08-12,Partner,24
2025-08-13,Organic,54
2025-08-13,Google,31
2025-08-13,LinkedIn,37
2025-08-13,Facebook,15
2025-08-13,Referral,24
2025-08-13,Email,2
2025-08-13,Direct,11
2025-08-13,Partner,6
2025-08-14,Organic,43
2025-08-14,Google,21
2025-08-14,LinkedIn,15
2025-08-14,Facebook,10
2025-08-14,Referral,21
2025-08-14,Email,11
2025-08-14,Direct,1
2025-08-14,Partner,11
2025-08-15,Organic,49
2025-08-15,Google,40
2025-08-15,LinkedIn,28
2025-08-15,Facebook,20
2025-08-15,Referral,27
2025-08-15,Email,2
2025-08-15,Direct,12
2025-08-15,Partner,20
2025-08-16,Organic,41
2025-08-16,Google,26
2025-08-16,LinkedIn,11
2025-08-16,Facebook,17
2025-08-16,Referral,3
2025-08-16,Email,2
2025-08-16,Direct,10
2025-08-16,Partner,32
2025-08-17,Organic,35
2025-08-17,Google,31
2025-08-17,LinkedIn,22
2025-08-17,Facebook,24
2025-08-17,Referral,3
2025-08-17,Email,24
2025-08-17,Direct,6
2025-08-17,Partner,7
2025-08-18,Organic,46
2025-08-18,Google,35
2025-08-18,LinkedIn,11
2025-08-18,Facebook,8
2025-08-18,Referral,19
2025-08-18,Email,8
2025-08-18,Direct,7
2025-08-18,Partner,6
2025-08-19,Organic,39
2025-08-19,Google,32
2025-08-19,LinkedIn,28
2025-08-19,Facebook,18
2025-08-19,Referral,23
2025-08-19,Email,5
2025-08-19,Direct,8
2025-08-19,Partner,7
2025-08-20,Organic,48
2025-08-20,Google,32
2025-08-20,LinkedIn,23
2025-08-20,Facebook,8
2025-08-20,Referral,31
2025-08-20,Email,2
2025-08-20,Direct,15
2025-08-20,Partner,4
2025-08-21,Organic,33
2025-08-21,Google,24
2025-08-21,LinkedIn,34
2025-08-21,Facebook,6
2025-08-21,Referral,19
2025-08-21,Email,15
2025-08-21,Direct,6
2025-08-21,Partner,18
2025-08-22,Organic,41
2025-08-22,Google,36
2025-08-22,LinkedIn,33
2025-08-22,Facebook,18
2025-08-22,Referral,3
2025-08-22,Email,4
2025-08-22,Direct,10
2025-08-22,Partner,9
2025-08-23,Organic,58
2025-08-23,Google,26
2025-08-23,LinkedIn,25
2025-08-23,Facebook,17
2025-08-23,Referral,26
2025-08-23,Email,16
2025-08-23,Direct,5
2025-08-23,Partner,6
2025-08-24,Organic,38
2025-08-24,Google,16
2025-08-24,LinkedIn,10
2025-08-24,Facebook,18
2025-08-24,Referral,19
2025-08-24,Email,2
2025-08-24,Direct,21
2025-08-24,Partner,28
2025-08-25,Organic,44
2025-08-25,Google,20
2025-08-25,LinkedIn,11
2025-08-25,Facebook,10
2025-08-25,Referral,25
2025-08-25,Email,4
2025-08-25,Direct,10
2025-08-25,Partner,4
2025-08-26,Organic,48
2025-08-26,Google,28
2025-08-26,LinkedIn,28
2025-08-26,Facebook,15
2025-08-26,Referral,8
2025-08-26,Email,2
2025-08-26,Direct,4
2025-08-26,Partner,4
2025-08-27,Organic,31
2025-08-27,Google,30
2025-08-27,LinkedIn,20
2025-08-27,Facebook,13
2025-08-27,Referral,35
2025-08-27,Email,12
2025-08-27,Direct,8
2025-08-27,Partner,33
2025-08-28,Organic,49
2025-08-28,Google,24
2025-08-28,LinkedIn,11
2025-08-28,Facebook,14
2025-08-28,Referral,4
2025-08-28,Email,2
2025-08-28,Direct,15
2025-08-28,Partner,4
2025-08-29,Organic,38
2025-08-29,Google,27
2025-08-29,LinkedIn,4
2025-08-29,Facebook,6
2025-08-29,Referral,19
2025-08-29,Email,5
2025-08-29,Direct,10
2025-08-29,Partner,18
2025-08-30,Organic,41
2025-08-30,Google,36
2025-08-30,LinkedIn,24
2025-08-30,Facebook,13
2025-08-30,Referral,13
2025-08-30,Email,16
2025-08-30,Direct,3
2025-08-30,Partner,22
2025-08-31,Organic,47
2025-08-31,Google,31
2025-08-31,LinkedIn,31
2025-08-31,Facebook,12
2025-08-31,Referral,16
2025-08-31,Email,12
2025-08-31,Direct,9
2025-08-31,Partner,15
2025-09-01,Organic,56
2025-09-01,Google,28
2025-09-01,LinkedIn,5
2025-09-01,Facebook,7
2025-09-01,Referral,4
2025-09-01,Email,2
2025-09-01,Direct,10
2025-09-01,Partner,6
2025-09-02,Organic,32
2025-09-02,Google,31
2025-09-02,LinkedIn,12
2025-09-02,Facebook,16
2025-09-02,Referral,21
2025-09-02,Email,16
2025-09-02,Direct,6
2025-09-02,Partner,12
2025-09-03,Organic,32
2025-09-03,Google,40
2025-09-03,LinkedIn,14
2025-09-03,Facebook,7
2025-09-03,Referral,9
2025-09-03,Email,45
2025-09-03,Direct,19
2025-09-03,Partner,4
2025-09-04,Organic,50
2025-09-04,Google,19
2025-09-04,LinkedIn,10
2025-09-04,Facebook,11
2025-09-04,Referral,3
2025-09-04,Email,8
2025-09-04,Direct,22
2025-09-04,Partner,17
2025-09-05,Organic,50
2025-09-05,Google,28
2025-09-05,LinkedIn,28
2025-09-05,Facebook,15
2025-09-05,Referral,9
2025-09-05,Email,2
2025-09-05,Direct,15
2025-09-05,Partner,23
2025-09-06,Organic,41
2025-09-06,Google,17
2025-09-06,LinkedIn,36
2025-09-06,Facebook,21
2025-09-06,Referral,3
2025-09-06,Email,8
2025-09-06,Direct,8
2025-09-06,Partner,4
2025-09-07,Organic,60
2025-09-07,Google,43
2025-09-07,LinkedIn,3
2025-09-07,Facebook,15
2025-09-07,Referral,11
2025-09-07,Email,20
2025-09-07,Direct,1
2025-09-07,Partner,4
2025-09-08,Organic,47
2025-09-08,Google,32
2025-09-08,LinkedIn,5
2025-09-08,Facebook,9
2025-09-08,Referral,22
2025-09-08,Email,3
2025-09-08,Direct,21
2025-09-08,Partner,4
2025-09-09,Organic,44
2025-09-09,Google,36
2025-09-09,LinkedIn,3
2025-09-09,Facebook,11
2025-09-09,Referral,18
2025-09-09,Email,2
2025-09-09,Direct,13
2025-09-09,Partner,21
2025-09-10,Organic,50
2025-09-10,Google,39
2025-09-10,LinkedIn,21
2025-09-10,Facebook,13
2025-09-10,Referral,24
2025-09-10,Email,7
2025-09-10,Direct,4
2025-09-10,Partner,14
2025-09-11,Organic,37
2025-09-11,Google,22
2025-09-11,LinkedIn,10
2025-09-11,Facebook,18
2025-09-11,Referral,10
2025-09-11,Email,2
2025-09-11,Direct,1
2025-09-11,Partner,16
2025-09-12,Organic,46
2025-09-12,Google,24
2025-09-12,LinkedIn,33
2025-09-12,Facebook,11
2025-09-12,Referral,3
2025-09-12,Email,6
2025-09-12,Direct,6
2025-09-12,Partner,20
2025-09-13,Organic,36
2025-09-13,Google,27
2025-09-13,LinkedIn,19
2025-09-13,Facebook,14
2025-09-13,Referral,3
2025-09-13,Email,4
2025-09-13,Direct,1
2025-09-13,Partner,4
2025-09-14,Organic,50
2025-09-14,Google,31
2025-09-14,LinkedIn,35
2025-09-14,Facebook,20
2025-09-14,Referral,6
2025-09-14,Email,2
2025-09-14,Direct,14
2025-09-14,Partner,10
2025-09-15,Organic,41
2025-09-15,Google,38
2025-09-15,LinkedIn,13
2025-09-15,Facebook,10
2025-09-15,Referral,29
2025-09-15,Email,5
2025-09-15,Direct,3
2025-09-15,Partner,8
2025-09-16,Organic,45
2025-09-16,Google,30
2025-09-16,LinkedIn,28
2025-09-16,Facebook,12
2025-09-16,Referral,4
2025-09-16,Email,12
2025-09-16,Direct,15
2025-09-16,Partner,30
2025-09-17,Organic,50
2025-09-17,Google,24
2025-09-17,LinkedIn,3
2025-09-17,Facebook,12
2025-09-17,Referral,37
2025-09-17,Email,2
2025-09-17,Direct,3
2025-09-17,Partner,31
2025-09-18,Organic,37
2025-09-18,Google,37
2025-09-18,LinkedIn,32
2025-09-18,Facebook,21
2025-09-18,Referral,22
2025-09-18,Email,28
2025-09-18,Direct,10
2025-09-18,Partner,9
2025-09-19,Organic,35
2025-09-19,Google,18
2025-09-19,LinkedIn,16
2025-09-19,Facebook,1
2025-09-19,Referral,4
2025-09-19,Email,12
2025-09-19,Direct,12
2025-09-19,Partner,4
2025-09-20,Organic,36
2025-09-20,Google,39
2025-09-20,LinkedIn,16
2025-09-20,Facebook,9
2025-09-20,Referral,25
2025-09-20,Email,9
2025-09-20,Direct,7
2025-09-20,Partner,11
2025-09-21,Organic,34
2025-09-21,Google,24
2025-09-21,LinkedIn,19
2025-09-21,Facebook,6
2025-09-21,Referral,4
2025-09-21,Email,12
2025-09-21,Direct,3
2025-09-21,Partner,4
2025-09-22,Organic,52
2025-09-22,Google,30
2025-09-22,LinkedIn,3
2025-09-22,Facebook,9
2025-09-22,Referral,24
2025-09-22,Email,6
2025-09-22,Direct,6
2025-09-22,Partner,4
2025-09-23,Organic,50
2025-09-23,Google,19
2025-09-23,LinkedIn,3
2025-09-23,Facebook,15
2025-09-23,Referral,19
2025-09-23,Email,5
2025-09-23,Direct,14
2025-09-23,Partner,11
2025-09-24,Organic,38
2025-09-24,Google,27
2025-09-24,LinkedIn,3
2025-09-24,Facebook,24
2025-09-24,Referral,33
2025-09-24,Email,4
2025-09-24,Direct,9
2025-09-24,Partner,5
2025-09-25,Organic,50
2025-09-25,Google,33
2025-09-25,LinkedIn,28
2025-09-25,Facebook,15
2025-09-25,Referral,36
2025-09-25,Email,2
2025-09-25,Direct,14
2025-09-25,Partner,24
2025-09-26,Organic,48
2025-09-26,Google,17
2025-09-26,LinkedIn,12
2025-09-26,Facebook,7
2025-09-26,Referral,9
2025-09-26,Email,13
2025-09-26,Direct,13
2025-09-26,Partner,8
2025-09-27,Organic,54
2025-09-27,Google,36
2025-09-27,LinkedIn,26
2025-09-27,Facebook,21
2025-09-27,Referral,19
2025-09-27,Email,6
2025-09-27,Direct,2
2025-09-27,Partner,4
2025-09-28,Organic,50
2025-09-28,Google,32
2025-09-28,LinkedIn,8
2025-09-28,Facebook,21
2025-09-28,Referral,39
2025-09-28,Email,7
2025-09-28,Direct,3
2025-09-28,Partner,19
2025-09-29,Organic,52
2025-09-29,Google,40
2025-09-29,LinkedIn,18
2025-09-29,Facebook,15
2025-09-29,Referral,28
2025-09-29,Email,8
2025-09-29,Direct,3
2025-09-29,Partner,15
2025-09-30,Organic,42
2025-09-30,Google,32
2025-09-30,LinkedIn,22
2025-09-30,Facebook,12
2025-09-30,Referral,8
2025-09-30,Email,7
2025-09-30,Direct,20
2025-09-30,Partner,17
2025-10-01,Organic,35
2025-10-01,Google,28
2025-10-01,LinkedIn,34
2025-10-01,Facebook,12
2025-10-01,Referral,19
2025-10-01,Email,2
2025-10-01,Direct,4
2025-10-01,Partner,14
2025-10-02,Organic,41
2025-10-02,Google,36
2025-10-02,LinkedIn,24
2025-10-02,Facebook,15
2025-10-02,Referral,18
2025-10-02,Email,8
2025-10-02,Direct,9
2025-10-02,Partner,4
2025-10-03,Organic,52
2025-10-03,Google,29
2025-10-03,LinkedIn,34
2025-10-03,Facebook,21
2025-10-03,Referral,14
2025-10-03,Email,7
2025-10-03,Direct,1
2025-10-03,Partner,18
2025-10-04,Organic,45
2025-10-04,Google,24
2025-10-04,LinkedIn,3
2025-10-04,Facebook,15
2025-10-04,Referral,19
2025-10-04,Email,8
2025-10-04,Direct,5
2025-10-04,Partner,4
2025-10-05,Organic,30
2025-10-05,Google,28
2025-10-05,LinkedIn,40
2025-10-05,Facebook,9
2025-10-05,Referral,34
2025-10-05,Email,19
2025-10-05,Direct,11
2025-10-05,Partner,12
2025-10-06,Organic,45
2025-10-06,Google,26
2025-10-06,LinkedIn,20
2025-10-06,Facebook,18
2025-10-06,Referral,8
2025-10-06,Email,21
2025-10-06,Direct,10
2025-10-06,Partner,19
2025-10-07,Organic,63
2025-10-07,Google,20
2025-10-07,LinkedIn,4
2025-10-07,Facebook,16
2025-10-07,Referral,7
2025-10-07,Email,12
2025-10-07,Direct,14
2025-10-07,Partner,4
2025-10-08,Organic,37
2025-10-08,Google,41
2025-10-08,LinkedIn,30
2025-10-08,Facebook,11
2025-10-08,Referral,13
2025-10-08,Email,2
2025-10-08,Direct,7
2025-10-08,Partner,6
2025-10-09,Organic,48
2025-10-09,Google,27
2025-10-09,LinkedIn,22
2025-10-09,Facebook,9
2025-10-09,Referral,24
2025-10-09,Email,7
2025-10-09,Direct,16
2025-10-09,Partner,16
2025-10-10,Organic,36
2025-10-10,Google,20
2025-10-10,LinkedIn,33
2025-10-10,Facebook,13
2025-10-10,Referral,17
2025-10-10,Email,19
2025-10-10,Direct,5
2025-10-10,Partner,4
2025-10-11,Organic,59
2025-10-11,Google,25
2025-10-11,LinkedIn,11
2025-10-11,Facebook,9
2025-10-11,Referral,24
2025-10-11,Email,25
2025-10-11,Direct,14
2025-10-11,Partner,12
2025-10-12,Organic,39
2025-10-12,Google,28
2025-10-12,LinkedIn,22
2025-10-12,Facebook,16
2025-10-12,Referral,25
2025-10-12,Email,5
2025-10-12,Direct,11
2025-10-12,Partner,28
2025-10-13,Organic,45
2025-10-13,Google,30
2025-10-13,LinkedIn,21
2025-10-13,Facebook,13
2025-10-13,Referral,24
2025-10-13,Email,15
2025-10-13,Direct,17
2025-10-13,Partner,12
2025-10-14,Organic,36
2025-10-14,Google,24
2025-10-14,LinkedIn,19
2025-10-14,Facebook,16
2025-10-14,Referral,16
2025-10-14,Email,9
2025-10-14,Direct,1
2025-10-14,Partner,12
2025-10-15,Organic,38
2025-10-15,Google,28
2025-10-15,LinkedIn,10
2025-10-15,Facebook,10
2025-10-15,Referral,3
2025-10-15,Email,2
2025-10-15,Direct,12
2025-10-15,Partner,13
2025-10-16,Organic,51
2025-10-16,Google,33
2025-10-16,LinkedIn,9
2025-10-16,Facebook,11
2025-10-16,Referral,4
2025-10-16,Email,20
2025-10-16,Direct,4
2025-10-16,Partner,13
2025-10-17,Organic,48
2025-10-17,Google,20
2025-10-17,LinkedIn,34
2025-10-17,Facebook,16
2025-10-17,Referral,19
2025-10-17,Email,2
2025-10-17,Direct,4
2025-10-17,Partner,20
2025-10-18,Organic,41
2025-10-18,Google,23
2025-10-18,LinkedIn,31
2025-10-18,Facebook,6
2025-10-18,Referral,14
2025-10-18,Email,12
2025-10-18,Direct,15
2025-10-18,Partner,8
2025-10-19,Organic,45
2025-10-19,Google,34
2025-10-19,LinkedIn,6
2025-10-19,Facebook,19
2025-10-19,Referral,31
2025-10-19,Email,2
2025-10-19,Direct,6
2025-10-19,Partner,7
2025-10-20,Organic,38
2025-10-20,Google,26
2025-10-20,LinkedIn,3
2025-10-20,Facebook,21
2025-10-20,Referral,4
2025-10-20,Email,12
2025-10-20,Direct,9
2025-10-20,Partner,10
2025-10-21,Organic,51
2025-10-21,Google,24
2025-10-21,LinkedIn,5
2025-10-21,Facebook,15
2025-10-21,Referral,23
2025-10-21,Email,5
2025-10-21,Direct,1
2025-10-21,Partner,7
2025-10-22,Organic,40
2025-10-22,Google,35
2025-10-22,LinkedIn,8
2025-10-22,Facebook,12
2025-10-22,Referral,26
2025-10-22,Email,7
2025-10-22,Direct,1
2025-10-22,Partner,4
2025-10-23,Organic,59
2025-10-23,Google,29
2025-10-23,LinkedIn,3
2025-10-23,Facebook,23
2025-10-23,Referral,26
2025-10-23,Email,2
2025-10-23,Direct,10
2025-10-23,Partner,9
2025-10-24,Organic,42
2025-10-24,Google,24
2025-10-24,LinkedIn,12
2025-10-24,Facebook,19
2025-10-24,Referral,14
2025-10-24,Email,7
2025-10-24,Direct,1
2025-10-24,Partner,4
2025-10-25,Organic,50
2025-10-25,Google,24
2025-10-25,LinkedIn,9
2025-10-25,Facebook,21
2025-10-25,Referral,7
2025-10-25,Email,4
2025-10-25,Direct,16
2025-10-25,Partner,35
2025-10-26,Organic,38
2025-10-26,Google,35
2025-10-26,LinkedIn,4
2025-10-26,Facebook,8
2025-10-26,Referral,3
2025-10-26,Email,2
2025-10-26,Direct,11
2025-10-26,Partner,15
2025-10-27,Organic,32
2025-10-27,Google,34
2025-10-27,LinkedIn,27
2025-10-27,Facebook,14
2025-10-27,Referral,3
2025-10-27,Email,3
2025-10-27,Direct,14
2025-10-27,Partner,18
2025-10-28,Organic,39
2025-10-28,Google,28
2025-10-28,LinkedIn,17
2025-10-28,Facebook,10
2025-10-28,Referral,3
2025-10-28,Email,10
2025-10-28,Direct,4
2025-10-28,Partner,4
2025-10-29,Organic,55
2025-10-29,Google,25
2025-10-29,LinkedIn,8
2025-10-29,Facebook,12
2025-10-29,Referral,9
2025-10-29,Email,4
2025-10-29,Direct,1
2025-10-29,Partner,30
2025-10-30,Organic,48
2025-10-30,Google,27
2025-10-30,LinkedIn,29
2025-10-30,Facebook,19
2025-10-30,Referral,27
2025-10-30,Email,12
2025-10-30,Direct,4
2025-10-30,Partner,14
2025-10-31,Organic,41
2025-10-31,Google,17
2025-10-31,LinkedIn,15
2025-10-31,Facebook,16
2025-10-31,Referral,21
2025-10-31,Email,4
2025-10-31,Direct,9
2025-10-31,Partner,4
2025-11-01,Organic,58
2025-11-01,Google,23
2025-11-01,LinkedIn,12
2025-11-01,Facebook,1
2025-11-01,Referral,32
2025-11-01,Email,15
2025-11-01,Direct,4
2025-11-01,Partner,7
2025-11-02,Organic,41
2025-11-02,Google,26
2025-11-02,LinkedIn,19
2025-11-02,Facebook,16
2025-11-02,Referral,3
2025-11-02,Email,3
2025-11-02,Direct,13
2025-11-02,Partner,4
2025-11-03,Organic,52
2025-11-03,Google,27
2025-11-03,LinkedIn,25
2025-11-03,Facebook,6
2025-11-03,Referral,9
2025-11-03,Email,2
2025-11-03,Direct,1
2025-11-03,Partner,23
2025-11-04,Organic,57
2025-11-04,Google,28
2025-11-04,LinkedIn,14
2025-11-04,Facebook,15
2025-11-04,Referral,22
2025-11-04,Email,14
2025-11-04,Direct,1
2025-11-04,Partner,4
2025-11-05,Organic,44
2025-11-05,Google,34
2025-11-05,LinkedIn,18
2025-11-05,Facebook,9
2025-11-05,Referral,3
2025-11-05,Email,10
2025-11-05,Direct,8
2025-11-05,Partner,4
2025-11-06,Organic,45
2025-11-06,Google,20
2025-11-06,LinkedIn,3
2025-11-06,Facebook,18
2025-11-06,Referral,19
2025-11-06,Email,14
2025-11-06,Direct,1
2025-11-06,Partner,4
2025-11-07,Organic,41
2025-11-07,Google,28
2025-11-07,LinkedIn,26
2025-11-07,Facebook,24
2025-11-07,Referral,24
2025-11-07,Email,16
2025-11-07,Direct,16
2025-11-07,Partner,4
2025-11-08,Organic,39
2025-11-08,Google,32
2025-11-08,LinkedIn,35
2025-11-08,Facebook,14
2025-11-08,Referral,3
2025-11-08,Email,18
2025-11-08,Direct,8
2025-11-08,Partner,7
2025-11-09,Organic,53
2025-11-09,Google,29
2025-11-09,LinkedIn,7
2025-11-09,Facebook,19
2025-11-09,Referral,3
2025-11-09,Email,20
2025-11-09,Direct,12
2025-11-09,Partner,14
2025-11-10,Organic,37
2025-11-10,Google,36
2025-11-10,LinkedIn,5
2025-11-10,Facebook,6
2025-11-10,Referral,28
2025-11-10,Email,13
2025-11-10,Direct,16
2025-11-10,Partner,6
2025-11-11,Organic,54
2025-11-11,Google,24
2025-11-11,LinkedIn,3
2025-11-11,Facebook,13
2025-11-11,Referral,6
2025-11-11,Email,2
2025-11-11,Direct,7
2025-11-11,Partner,12
2025-11-12,Organic,59
2025-11-12,Google,21
2025-11-12,LinkedIn,13
2025-11-12,Facebook,14
2025-11-12,Referral,26
2025-11-12,Email,8
2025-11-12,Direct,1
2025-11-12,Partner,4
2025-11-13,Organic,41
2025-11-13,Google,31
2025-11-13,LinkedIn,18
2025-11-13,Facebook,10
2025-11-13,Referral,15
2025-11-13,Email,21
2025-11-13,Direct,5
2025-11-13,Partner,6
2025-11-14,Organic,45
2025-11-14,Google,24
2025-11-14,LinkedIn,26
2025-11-14,Facebook,11
2025-11-14,Referral,7
2025-11-14,Email,16
2025-11-14,Direct,10
2025-11-14,Partner,8
2025-11-15,Organic,45
2025-11-15,Google,28
2025-11-15,LinkedIn,17
2025-11-15,Facebook,18
2025-11-15,Referral,27
2025-11-15,Email,19
2025-11-15,Direct,10
2025-11-15,Partner,17
2025-11-16,Organic,39
2025-11-16,Google,32
2025-11-16,LinkedIn,6
2025-11-16,Facebook,12
2025-11-16,Referral,22
2025-11-16,Email,2
2025-11-16,Direct,10
2025-11-16,Partner,4
2025-11-17,Organic,54
2025-11-17,Google,38
2025-11-17,LinkedIn,28
2025-11-17,Facebook,10
2025-11-17,Referral,14
2025-11-17,Email,8
2025-11-17,Direct,1
2025-11-17,Partner,14
2025-11-18,Organic,61
2025-11-18,Google,26
2025-11-18,LinkedIn,6
2025-11-18,Facebook,7
2025-11-18,Referral,8
2025-11-18,Email,17
2025-11-18,Direct,8
2025-11-18,Partner,15
2025-11-19,Organic,38
2025-11-19,Google,24
2025-11-19,LinkedIn,16
2025-11-19,Facebook,2
2025-11-19,Referral,21
2025-11-19,Email,23
2025-11-19,Direct,7
2025-11-19,Partner,6
2025-11-20,Organic,42
2025-11-20,Google,32
2025-11-20,LinkedIn,3
2025-11-20,Facebook,14
2025-11-20,Referral,8
2025-11-20,Email,24
2025-11-20,Direct,4
2025-11-20,Partner,5
2025-11-21,Organic,47
2025-11-21,Google,32
2025-11-21,LinkedIn,17
2025-11-21,Facebook,21
2025-11-21,Referral,24
2025-11-21,Email,2
2025-11-21,Direct,1
2025-11-21,Partner,6
2025-11-22,Organic,46
2025-11-22,Google,32
2025-11-22,LinkedIn,28
2025-11-22,Facebook,17
2025-11-22,Referral,21
2025-11-22,Email,3
2025-11-22,Direct,3
2025-11-22,Partner,4
2025-11-23,Organic,38
2025-11-23,Google,35
2025-11-23,LinkedIn,3
2025-11-23,Facebook,14
2025-11-23,Referral,9
2025-11-23,Email,28
2025-11-23,Direct,21
2025-11-23,Partner,11
2025-11-24,Organic,41
2025-11-24,Google,36
2025-11-24,LinkedIn,3
2025-11-24,Facebook,3
2025-11-24,Referral,14
2025-11-24,Email,14
2025-11-24,Direct,13
2025-11-24,Partner,4
2025-11-25,Organic,31
2025-11-25,Google,23
2025-11-25,LinkedIn,18
2025-11-25,Facebook,19
2025-11-25,Referral,24
2025-11-25,Email,2
2025-11-25,Direct,21
2025-11-25,Partner,4
2025-11-26,Organic,51
2025-11-26,Google,31
2025-11-26,LinkedIn,22
2025-11-26,Facebook,11
2025-11-26,Referral,3
2025-11-26,Email,8
2025-11-26,Direct,1
2025-11-26,Partner,21
2025-11-27,Organic,35
2025-11-27,Google,33
2025-11-27,LinkedIn,18
2025-11-27,Facebook,12
2025-11-27,Referral,30
2025-11-27,Email,19
2025-11-27,Direct,23
2025-11-27,Partner,5
2025-11-28,Organic,43
2025-11-28,Google,21
2025-11-28,LinkedIn,8
2025-11-28,Facebook,16
2025-11-28,Referral,22
2025-11-28,Email,3
2025-11-28,Direct,15
2025-11-28,Partner,4
2025-11-29,Organic,50
2025-11-29,Google,32
2025-11-29,LinkedIn,42
2025-11-29,Facebook,12
2025-11-29,Referral,12
2025-11-29,Email,9
2025-11-29,Direct,6
2025-11-29,Partner,20
2025-11-30,Organic,48
2025-11-30,Google,26
2025-11-30,LinkedIn,4
2025-11-30,Facebook,15
2025-11-30,Referral,9
2025-11-30,Email,15
2025-11-30,Direct,5
2025-11-30,Partner,19
2025-12-01,Organic,39
2025-12-01,Google,27
2025-12-01,LinkedIn,19
2025-12-01,Facebook,1
2025-12-01,Referral,16
2025-12-01,Email,22
2025-12-01,Direct,7
2025-12-01,Partner,15
2025-12-02,Organic,34
2025-12-02,Google,24
2025-12-02,LinkedIn,10
2025-12-02,Facebook,11
2025-12-02,Referral,21
2025-12-02,Email,2
2025-12-02,Direct,4
2025-12-02,Partner,4
2025-12-03,Organic,34
2025-12-03,Google,32
2025-12-03,LinkedIn,7
2025-12-03,Facebook,11
2025-12-03,Referral,10
2025-12-03,Email,2
2025-12-03,Direct,9
2025-12-03,Partner,25
2025-12-04,Organic,44
2025-12-04,Google,22
2025-12-04,LinkedIn,36
2025-12-04,Facebook,8
2025-12-04,Referral,25
2025-12-04,Email,19
2025-12-04,Direct,1
2025-12-04,Partner,14
2025-12-05,Organic,51
2025-12-05,Google,19
2025-12-05,LinkedIn,4
2025-12-05,Facebook,9
2025-12-05,Referral,14
2025-12-05,Email,2
2025-12-05,Direct,14
2025-12-05,Partner,4
2025-12-06,Organic,49
2025-12-06,Google,28
2025-12-06,LinkedIn,5
2025-12-06,Facebook,13
2025-12-06,Referral,8
2025-12-06,Email,2
2025-12-06,Direct,1
2025-12-06,Partner,32
2025-12-07,Organic,56
2025-12-07,Google,26
2025-12-07,LinkedIn,33
2025-12-07,Facebook,9
2025-12-07,Referral,25
2025-12-07,Email,2
2025-12-07,Direct,5
2025-12-07,Partner,14
2025-12-08,Organic,30
2025-12-08,Google,22
2025-12-08,LinkedIn,3
2025-12-08,Facebook,15
2025-12-08,Referral,3
2025-12-08,Email,21
2025-12-08,Direct,7
2025-12-08,Partner,4
2025-12-09,Organic,46
2025-12-09,Google,23
2025-12-09,LinkedIn,14
2025-12-09,Facebook,11
2025-12-09,Referral,31
2025-12-09,Email,27
2025-12-09,Direct,10
2025-12-09,Partner,8
2025-12-10,Organic,42
2025-12-10,Google,32
2025-12-10,LinkedIn,43
2025-12-10,Facebook,12
2025-12-10,Referral,7
2025-12-10,Email,23
2025-12-10,Direct,3
2025-12-10,Partner,18
2025-12-11,Organic,43
2025-12-11,Google,35
2025-12-11,LinkedIn,21
2025-12-11,Facebook,14
2025-12-11,Referral,27
2025-12-11,Email,4
2025-12-11,Direct,13
2025-12-11,Partner,18
2025-12-12,Organic,50
2025-12-12,Google,15
2025-12-12,LinkedIn,26
2025-12-12,Facebook,21
2025-12-12,Referral,8
2025-12-12,Email,2
2025-12-12,Direct,10
2025-12-12,Partner,4
2025-12-13,Organic,31
2025-12-13,Google,28
2025-12-13,LinkedIn,3
2025-12-13,Facebook,5
2025-12-13,Referral,16
2025-12-13,Email,19
2025-12-13,Direct,6
2025-12-13,Partner,4
2025-12-14,Organic,56
2025-12-14,Google,27
2025-12-14,LinkedIn,9
2025-12-14,Facebook,8
2025-12-14,Referral,3
2025-12-14,Email,2
2025-12-14,Direct,6
2025-12-14,Partner,27
2025-12-15,Organic,36
2025-12-15,Google,36
2025-12-15,LinkedIn,11
2025-12-15,Facebook,11
2025-12-15,Referral,3
2025-12-15,Email,2
2025-12-15,Direct,17
2025-12-15,Partner,6
2025-12-16,Organic,47
2025-12-16,Google,30
2025-12-16,LinkedIn,16
2025-12-16,Facebook,10
2025-12-16,Referral,24
2025-12-16,Email,14
2025-12-16,Direct,7
2025-12-16,Partner,18
2025-12-17,Organic,37
2025-12-17,Google,38
2025-12-17,LinkedIn,3
2025-12-17,Facebook,21
2025-12-17,Referral,12
2025-12-17,Email,4
2025-12-17,Direct,7
2025-12-17,Partner,16
2025-12-18,Organic,45
2025-12-18,Google,24
2025-12-18,LinkedIn,11
2025-12-18,Facebook,6
2025-12-18,Referral,28
2025-12-18,Email,2
2025-12-18,Direct,8
2025-12-18,Partner,14
2025-12-19,Organic,33
2025-12-19,Google,24
2025-12-19,LinkedIn,5
2025-12-19,Facebook,18
2025-12-19,Referral,20
2025-12-19,Email,2
2025-12-19,Direct,9
2025-12-19,Partner,16
2025-12-20,Organic,42
2025-12-20,Google,19
2025-12-20,LinkedIn,33
2025-12-20,Facebook,8
2025-12-20,Referral,14
2025-12-20,Email,2
2025-12-20,Direct,9
2025-12-20,Partner,18
2025-12-21,Organic,37
2025-12-21,Google,36
2025-12-21,LinkedIn,11
2025-12-21,Facebook,7
2025-12-21,Referral,16
2025-12-21,Email,10
2025-12-21,Direct,13
2025-12-21,Partner,23
2025-12-22,Organic,35
2025-12-22,Google,24
2025-12-22,LinkedIn,4
2025-12-22,Facebook,10
2025-12-22,Referral,20
2025-12-22,Email,10
2025-12-22,Direct,10
2025-12-22,Partner,9
2025-12-23,Organic,38
2025-12-23,Google,21
2025-12-23,LinkedIn,26
2025-12-23,Facebook,4
2025-12-23,Referral,28
2025-12-23,Email,3
2025-12-23,Direct,9
2025-12-23,Partner,26
2025-12-24,Organic,52
2025-12-24,Google,30
2025-12-24,LinkedIn,15
2025-12-24,Facebook,12
2025-12-24,Referral,23
2025-12-24,Email,2
2025-12-24,Direct,14
2025-12-24,Partner,4
2025-12-25,Organic,57
2025-12-25,Google,32
2025-12-25,LinkedIn,28
2025-12-25,Facebook,16
2025-12-25,Referral,20
2025-12-25,Email,4
2025-12-25,Direct,7
2025-12-25,Partner,4
2025-12-26,Organic,44
2025-12-26,Google,23
2025-12-26,LinkedIn,13
2025-12-26,Facebook,12
2025-12-26,Referral,22
2025-12-26,Email,17
2025-12-26,Direct,8
2025-12-26,Partner,8
2025-12-27,Organic,45
2025-12-27,Google,31
2025-12-27,LinkedIn,5
2025-12-27,Facebook,14
2025-12-27,Referral,3
2025-12-27,Email,12
2025-12-27,Direct,15
2025-12-27,Partner,14
2025-12-28,Organic,34
2025-12-28,Google,25
2025-12-28,LinkedIn,28
2025-12-28,Facebook,8
2025-12-28,Referral,11
2025-12-28,Email,12
2025-12-28,Direct,10
2025-12-28,Partner,15
2025-12-29,Organic,45
2025-12-29,Google,25
2025-12-29,LinkedIn,19
2025-12-29,Facebook,7
2025-12-29,Referral,24
2025-12-29,Email,5
2025-12-29,Direct,8
2025-12-29,Partner,9
2025-12-30,Organic,50
2025-12-30,Google,24
2025-12-30,LinkedIn,34
2025-12-30,Facebook,14
2025-12-30,Referral,7
2025-12-30,Email,2
2025-12-30,Direct,7
2025-12-30,Partner,4
2025-12-31,Organic,36
2025-12-31,Google,32
2025-12-31,LinkedIn,17
2025-12-31,Facebook,9
2025-12-31,Referral,9
2025-12-31,Email,7
2025-12-31,Direct,4
2025-12-31,Partner,9
