date,channel,profile_completed
2024-01-01,Organic,37
2024-01-01,Google,21
2024-01-01,LinkedIn,28
2024-01-01,Facebook,11
2024-01-01,Referral,7
2024-01-01,Email,1
2024-01-01,Direct,7
2024-01-01,Partner,3
2024-01-02,Organic,32
2024-01-02,Google,21
2024-01-02,LinkedIn,22
2024-01-02,Facebook,5
2024-01-02,Referral,13
2024-01-02,Email,1
2024-01-02,Direct,9
2024-01-02,Partner,9
2024-01-03,Organic,39
2024-01-03,Google,18
2024-01-03,LinkedIn,8
2024-01-03,Facebook,10
2024-01-03,Referral,10
2024-01-03,Email,1
2024-01-03,Direct,10
2024-01-03,Partner,22
2024-01-04,Organic,43
2024-01-04,Google,24
2024-01-04,LinkedIn,14
2024-01-04,Facebook,2
2024-01-04,Referral,10
2024-01-04,Email,3
2024-01-04,Direct,4
2024-01-04,Partner,13
2024-01-05,Organic,40
2024-01-05,Google,15
2024-01-05,LinkedIn,31
2024-01-05,Facebook,8
2024-01-05,Referral,7
2024-01-05,Email,4
2024-01-05,Direct,4
2024-01-05,Partner,6
2024-01-06,Organic,33
2024-01-06,Google,18
2024-01-06,LinkedIn,18
2024-01-06,Facebook,10
2024-01-06,Referral,12
2024-01-06,Email,3
2024-01-06,Direct,8
2024-01-06,Partner,17
2024-01-07,Organic,35
2024-01-07,Google,24
2024-01-07,LinkedIn,22
2024-01-07,Facebook,5
2024-01-07,Referral,13
2024-01-07,Email,11
2024-01-07,Direct,0
2024-01-07,Partner,3
2024-01-08,Organic,43
2024-01-08,Google,18
2024-01-08,LinkedIn,22
2024-01-08,Facebook,8
2024-01-08,Referral,12
2024-01-08,Email,1
2024-01-08,Direct,7
2024-01-08,Partner,13
2024-01-09,Organic,29
2024-01-09,Google,14
2024-01-09,LinkedIn,20
2024-01-09,Facebook,5
2024-01-09,Referral,15
2024-01-09,Email,1
2024-01-09,Direct,1
2024-01-09,Partner,13
2024-01-10,Organic,36
2024-01-10,Google,17
2024-01-10,LinkedIn,5
2024-01-10,Facebook,8
2024-01-10,Referral,8
2024-01-10,Email,1
2024-01-10,Direct,3
2024-01-10,Partner,16
2024-01-11,Organic,32
2024-01-11,Google,22
2024-01-11,LinkedIn,18
2024-01-11,Facebook,14
2024-01-11,Referral,6
2024-01-11,Email,3
2024-01-11,Direct,0
2024-01-11,Partner,3
2024-01-12,Organic,35
2024-01-12,Google,25
2024-01-12,LinkedIn,19
2024-01-12,Facebook,13
2024-01-12,Referral,16
2024-01-12,Email,12
2024-01-12,Direct,0
2024-01-12,Partner,19
2024-01-13,Organic,46
2024-01-13,Google,21
2024-01-13,LinkedIn,18
2024-01-13,Facebook,6
2024-01-13,Referral,18
2024-01-13,Email,1
2024-01-13,Direct,9
2024-01-13,Partner,4
2024-01-14,Organic,46
2024-01-14,Google,28
2024-01-14,LinkedIn,19
2024-01-14,Facebook,10
2024-01-14,Referral,19
2024-01-14,Email,9
2024-01-14,Direct,4
2024-01-14,Partner,9
2024-01-15,Organic,24
2024-01-15,Google,28
2024-01-15,LinkedIn,7
2024-01-15,Facebook,2
2024-01-15,Referral,19
2024-01-15,Email,13
2024-01-15,Direct,6
2024-01-15,Partner,18
2024-01-16,Organic,30
2024-01-16,Google,17
2024-01-16,LinkedIn,5
2024-01-16,Facebook,8
2024-01-16,Referral,5
2024-01-16,Email,1
2024-01-16,Direct,2
2024-01-16,Partner,13
2024-01-17,Organic,39
2024-01-17,Google,21
2024-01-17,LinkedIn,27
2024-01-17,Facebook,6
2024-01-17,Referral,13
2024-01-17,Email,3
2024-01-17,Direct,3
2024-01-17,Partner,22
2024-01-18,Organic,40
2024-01-18,Google,30
2024-01-18,LinkedIn,25
2024-01-18,Facebook,9
2024-01-18,Referral,24
2024-01-18,Email,11
2024-01-18,Direct,1
2024-01-18,Partner,3
2024-01-19,Organic,24
2024-01-19,Google,21
2024-01-19,LinkedIn,13
2024-01-19,Facebook,8
2024-01-19,Referral,18
2024-01-19,Email,3
2024-01-19,Direct,4
2024-01-19,Partner,3
2024-01-20,Organic,32
2024-01-20,Google,17
2024-01-20,LinkedIn,22
2024-01-20,Facebook,7
2024-01-20,Referral,19
2024-01-20,Email,1
2024-01-20,Direct,2
2024-01-20,Partner,4
2024-01-21,Organic,30
2024-01-21,Google,15
2024-01-21,LinkedIn,33
2024-01-21,Facebook,13
2024-01-21,Referral,12
2024-01-21,Email,1
2024-01-21,Direct,9
2024-01-21,Partner,9
2024-01-22,Organic,24
2024-01-22,Google,24
2024-01-22,LinkedIn,31
2024-01-22,Facebook,10
2024-01-22,Referral,11
2024-01-22,Email,3
2024-01-22,Direct,10
2024-01-22,Partner,3
2024-01-23,Organic,36
2024-01-23,Google,22
2024-01-23,LinkedIn,21
2024-01-23,Facebook,10
2024-01-23,Referral,19
2024-01-23,Email,1
2024-01-23,Direct,7
2024-01-23,Partner,4
2024-01-24,Organic,25
2024-01-24,Google,28
2024-01-24,LinkedIn,9
2024-01-24,Facebook,10
2024-01-24,Referral,25
2024-01-24,Email,6
2024-01-24,Direct,2
2024-01-24,Partner,39
2024-01-25,Organic,39
2024-01-25,Google,30
2024-01-25,LinkedIn,22
2024-01-25,Facebook,6
2024-01-25,Referral,7
2024-01-25,Email,15
2024-01-25,Direct,6
2024-01-25,Partner,19
2024-01-26,Organic,40
2024-01-26,Google,10
2024-01-26,LinkedIn,18
2024-01-26,Facebook,4
2024-01-26,Referral,9
2024-01-26,Email,1
2024-01-26,Direct,7
2024-01-26,Partner,5
2024-01-27,Organic,43
2024-01-27,Google,8
2024-01-27,LinkedIn,15
2024-01-27,Facebook,8
2024-01-27,Referral,21
2024-01-27,Email,1
2024-01-27,Direct,8
2024-01-27,Partner,3
2024-01-28,Organic,24
2024-01-28,Google,17
2024-01-28,LinkedIn,18
2024-01-28,Facebook,12
2024-01-28,Referral,9
2024-01-28,Email,5
2024-01-28,Direct,7
2024-01-28,Partner,3
2024-01-29,Organic,47
2024-01-29,Google,24
2024-01-29,LinkedIn,9
2024-01-29,Facebook,6
2024-01-29,Referral,28
2024-01-29,Email,10
2024-01-29,Direct,13
2024-01-29,Partner,24
2024-01-30,Organic,24
2024-01-30,Google,17
2024-01-30,LinkedIn,12
2024-01-30,Facebook,13
2024-01-30,Referral,2
2024-01-30,Email,5
2024-01-30,Direct,7
2024-01-30,Partner,3
2024-01-31,Organic,29
2024-01-31,Google,21
2024-01-31,LinkedIn,22
2024-01-31,Facebook,7
2024-01-31,Referral,18
2024-01-31,Email,9
2024-01-31,Direct,10
2024-01-31,Partner,9
2024-02-01,Organic,34
2024-02-01,Google,24
2024-02-01,LinkedIn,5
2024-02-01,Facebook,18
2024-02-01,Referral,28
2024-02-01,Email,9
2024-02-01,Direct,6
2024-02-01,Partner,19
2024-02-02,Organic,50
2024-02-02,Google,18
2024-02-02,LinkedIn,9
2024-02-02,Facebook,8
2024-02-02,Referral,10
2024-02-02,Email,1
2024-02-02,Direct,6
2024-02-02,Partner,8
2024-02-03,Organic,32
2024-02-03,Google,18
2024-02-03,LinkedIn,37
2024-02-03,Facebook,10
2024-02-03,Referral,7
2024-02-03,Email,10
2024-02-03,Direct,5
2024-02-03,Partner,14
2024-02-04,Organic,29
2024-02-04,Google,22
2024-02-04,LinkedIn,20
2024-02-04,Facebook,5
2024-02-04,Referral,27
2024-02-04,Email,11
2024-02-04,Direct,10
2024-02-04,Partner,13
2024-02-05,Organic,34
2024-02-05,Google,24
2024-02-05,LinkedIn,18
2024-02-05,Facebook,10
2024-02-05,Referral,9
2024-02-05,Email,1
2024-02-05,Direct,12
2024-02-05,Partner,3
2024-02-06,Organic,40
2024-02-06,Google,16
2024-02-06,LinkedIn,18
2024-02-06,Facebook,7
2024-02-06,Referral,2
2024-02-06,Email,1
2024-02-06,Direct,0
2024-02-06,Partner,17
2024-02-07,Organic,27
2024-02-07,Google,30
2024-02-07,LinkedIn,2
2024-02-07,Facebook,13
2024-02-07,Referral,11
2024-02-07,Email,1
2024-02-07,Direct,13
2024-02-07,Partner,24
2024-02-08,Organic,40
2024-02-08,Google,18
2024-02-08,LinkedIn,22
2024-02-08,Facebook,10
2024-02-08,Referral,9
2024-02-08,Email,6
2024-02-08,Direct,6
2024-02-08,Partner,3
2024-02-09,Organic,40
2024-02-09,Google,24
2024-02-09,LinkedIn,31
2024-02-09,Facebook,10
2024-02-09,Referral,12
2024-02-09,Email,12
2024-02-09,Direct,9
2024-02-09,Partner,24
2024-02-10,Organic,38
2024-02-10,Google,24
2024-02-10,LinkedIn,4
2024-02-10,Facebook,10
2024-02-10,Referral,19
2024-02-10,Email,11
2024-02-10,Direct,7
2024-02-10,Partner,19
2024-02-11,Organic,27
2024-02-11,Google,14
2024-02-11,LinkedIn,17
2024-02-11,Facebook,8
2024-02-11,Referral,6
2024-02-11,Email,7
2024-02-11,Direct,4
2024-02-11,Partner,11
2024-02-12,Organic,46
2024-02-12,Google,18
2024-02-12,LinkedIn,27
2024-02-12,Facebook,4
2024-02-12,Referral,13
2024-02-12,Email,12
2024-02-12,Direct,9
2024-02-12,Partner,6
2024-02-13,Organic,40
2024-02-13,Google,24
2024-02-13,LinkedIn,7
2024-02-13,Facebook,10
2024-02-13,Referral,11
2024-02-13,Email,6
2024-02-13,Direct,1
2024-02-13,Partner,14
2024-02-14,Organic,34
2024-02-14,Google,23
2024-02-14,LinkedIn,2
2024-02-14,Facebook,6
2024-02-14,Referral,11
2024-02-14,Email,6
2024-02-14,Direct,10
2024-02-14,Partner,3
2024-02-15,Organic,37
2024-02-15,Google,16
2024-02-15,LinkedIn,2
2024-02-15,Facebook,4
2024-02-15,Referral,13
2024-02-15,Email,18
2024-02-15,Direct,0
2024-02-15,Partner,3
2024-02-16,Organic,35
2024-02-16,Google,25
2024-02-16,LinkedIn,13
2024-02-16,Facebook,8
2024-02-16,Referral,2
2024-02-16,Email,9
2024-02-16,Direct,18
2024-02-16,Partner,12
2024-02-17,Organic,39
2024-02-17,Google,18
2024-02-17,LinkedIn,6
2024-02-17,Facebook,16
2024-02-17,Referral,21
2024-02-17,Email,16
2024-02-17,Direct,9
2024-02-17,Partner,3
2024-02-18,Organic,36
2024-02-18,Google,28
2024-02-18,LinkedIn,2
2024-02-18,Facebook,14
2024-02-18,Referral,7
2024-02-18,Email,10
2024-02-18,Direct,12
2024-02-18,Partner,3
2024-02-19,Organic,35
2024-02-19,Google,18
2024-02-19,LinkedIn,2
2024-02-19,Facebook,8
2024-02-19,Referral,12
2024-02-19,Email,14
2024-02-19,Direct,1
2024-02-19,Partner,3
2024-02-20,Organic,28
2024-02-20,Google,10
2024-02-20,LinkedIn,10
2024-02-20,Facebook,10
2024-02-20,Referral,14
2024-02-20,Email,7
2024-02-20,Direct,2
2024-02-20,Partner,21
2024-02-21,Organic,34
2024-02-21,Google,26
2024-02-21,LinkedIn,6
2024-02-21,Facebook,10
2024-02-21,Referral,12
2024-02-21,Email,1
2024-02-21,Direct,11
2024-02-21,Partner,3
2024-02-22,Organic,27
2024-02-22,Google,21
2024-02-22,LinkedIn,15
2024-02-22,Facebook,9
2024-02-22,Referral,2
2024-02-22,Email,4
2024-02-22,Direct,5
2024-02-22,Partner,3
2024-02-23,Organic,34
2024-02-23,Google,24
2024-02-23,LinkedIn,21
2024-02-23,Facebook,5
2024-02-23,Referral,15
2024-02-23,Email,7
2024-02-23,Direct,9
2024-02-23,Partner,13
2024-02-24,Organic,37
2024-02-24,Google,18
2024-02-24,LinkedIn,6
2024-02-24,Facebook,13
2024-02-24,Referral,22
2024-02-24,Email,1
2024-02-24,Direct,7
2024-02-24,Partner,9
2024-02-25,Organic,38
2024-02-25,Google,28
2024-02-25,LinkedIn,14
2024-02-25,Facebook,10
2024-02-25,Referral,3
2024-02-25,Email,1
2024-02-25,Direct,7
2024-02-25,Partner,16
2024-02-26,Organic,32
2024-02-26,Google,30
2024-02-26,LinkedIn,17
2024-02-26,Facebook,3
2024-02-26,Referral,8
2024-02-26,Email,1
2024-02-26,Direct,10
2024-02-26,Partner,9
2024-02-27,Organic,32
2024-02-27,Google,24
2024-02-27,LinkedIn,9
2024-02-27,Facebook,5
2024-02-27,Referral,18
2024-02-27,Email,13
2024-02-27,Direct,12
2024-02-27,Partner,14
2024-02-28,Organic,25
2024-02-28,Google,28
2024-02-28,LinkedIn,28
2024-02-28,Facebook,16
2024-02-28,Referral,12
2024-02-28,Email,15
2024-02-28,Direct,6
2024-02-28,Partner,24
2024-02-29,Organic,39
2024-02-29,Google,26
2024-02-29,LinkedIn,25
2024-02-29,Facebook,2
2024-02-29,Referral,12
2024-02-29,Email,1
2024-02-29,Direct,5
2024-02-29,Partner,12
2024-03-01,Organic,35
2024-03-01,Google,22
2024-03-01,LinkedIn,18
2024-03-01,Facebook,9
2024-03-01,Referral,19
2024-03-01,Email,1
2024-03-01,Direct,6
2024-03-01,Partner,3
2024-03-02,Organic,33
2024-03-02,Google,18
2024-03-02,LinkedIn,9
2024-03-02,Facebook,5
2024-03-02,Referral,7
2024-03-02,Email,16
2024-03-02,Direct,10
2024-03-02,Partner,3
2024-03-03,Organic,28
2024-03-03,Google,21
2024-03-03,LinkedIn,6
2024-03-03,Facebook,13
2024-03-03,Referral,7
2024-03-03,Email,1
2024-03-03,Direct,2
2024-03-03,Partner,12
2024-03-04,Organic,34
2024-03-04,Google,18
2024-03-04,LinkedIn,6
2024-03-04,Facebook,8
2024-03-04,Referral,5
2024-03-04,Email,12
2024-03-04,Direct,7
2024-03-04,Partner,3
2024-03-05,Organic,34
2024-03-05,Google,20
2024-03-05,LinkedIn,16
2024-03-05,Facebook,10
2024-03-05,Referral,15
2024-03-05,Email,1
2024-03-05,Direct,8
2024-03-05,Partner,4
2024-03-06,Organic,28
2024-03-06,Google,17
2024-03-06,LinkedIn,12
2024-03-06,Facebook,8
2024-03-06,Referral,11
2024-03-06,Email,14
2024-03-06,Direct,4
2024-03-06,Partner,9
2024-03-07,Organic,36
2024-03-07,Google,31
2024-03-07,LinkedIn,21
2024-03-07,Facebook,11
2024-03-07,Referral,11
2024-03-07,Email,1
2024-03-07,Direct,3
2024-03-07,Partner,6
2024-03-08,Organic,40
2024-03-08,Google,24
2024-03-08,LinkedIn,7
2024-03-08,Facebook,16
2024-03-08,Referral,2
2024-03-08,Email,3
2024-03-08,Direct,10
2024-03-08,Partner,25
2024-03-09,Organic,35
2024-03-09,Google,28
2024-03-09,LinkedIn,17
2024-03-09,Facebook,10
2024-03-09,Referral,11
2024-03-09,Email,11
2024-03-09,Direct,12
2024-03-09,Partner,4
2024-03-10,Organic,33
2024-03-10,Google,12
2024-03-10,LinkedIn,12
2024-03-10,Facebook,10
2024-03-10,Referral,2
2024-03-10,Email,1
2024-03-10,Direct,4
2024-03-10,Partner,15
2024-03-11,Organic,31
2024-03-11,Google,26
2024-03-11,LinkedIn,11
2024-03-11,Facebook,9
2024-03-11,Referral,15
2024-03-11,Email,11
2024-03-11,Direct,9
2024-03-11,Partner,12
2024-03-12,Organic,40
2024-03-12,Google,24
2024-03-12,LinkedIn,12
2024-03-12,Facebook,7
2024-03-12,Referral,13
2024-03-12,Email,11
2024-03-12,Direct,1
2024-03-12,Partner,9
2024-03-13,Organic,33
2024-03-13,Google,14
2024-03-13,LinkedIn,14
2024-03-13,Facebook,6
2024-03-13,Referral,24
2024-03-13,Email,9
2024-03-13,Direct,2
2024-03-13,Partner,24
2024-03-14,Organic,36
2024-03-14,Google,10
2024-03-14,LinkedIn,26
2024-03-14,Facebook,9
2024-03-14,Referral,3
2024-03-14,Email,6
2024-03-14,Direct,2
2024-03-14,Partner,3
2024-03-15,Organic,19
2024-03-15,Google,15
2024-03-15,LinkedIn,39
2024-03-15,Facebook,3
2024-03-15,Referral,2
2024-03-15,Email,1
2024-03-15,Direct,15
2024-03-15,Partner,3
2024-03-16,Organic,33
2024-03-16,Google,29
2024-03-16,LinkedIn,17
2024-03-16,Facebook,5
2024-03-16,Referral,13
2024-03-16,Email,3
2024-03-16,Direct,11
2024-03-16,Partner,7
2024-03-17,Organic,21
2024-03-17,Google,38
2024-03-17,LinkedIn,13
2024-03-17,Facebook,13
2024-03-17,Referral,3
2024-03-17,Email,1
2024-03-17,Direct,15
2024-03-17,Partner,12
2024-03-18,Organic,33
2024-03-18,Google,20
2024-03-18,LinkedIn,19
2024-03-18,Facebook,10
2024-03-18,Referral,7
2024-03-18,Email,4
2024-03-18,Direct,6
2024-03-18,Partner,14
2024-03-19,Organic,37
2024-03-19,Google,18
2024-03-19,LinkedIn,14
2024-03-19,Facebook,8
2024-03-19,Referral,4
2024-03-19,Email,8
2024-03-19,Direct,8
2024-03-19,Partner,31
2024-03-20,Organic,36
2024-03-20,Google,19
2024-03-20,LinkedIn,8
2024-03-20,Facebook,4
2024-03-20,Referral,4
2024-03-20,Email,13
2024-03-20,Direct,7
2024-03-20,Partner,9
2024-03-21,Organic,39
2024-03-21,Google,22
2024-03-21,LinkedIn,8
2024-03-21,Facebook,8
2024-03-21,Referral,2
2024-03-21,Email,6
2024-03-21,Direct,12
2024-03-21,Partner,4
2024-03-22,Organic,38
2024-03-22,Google,25
2024-03-22,LinkedIn,15
2024-03-22,Facebook,8
2024-03-22,Referral,16
2024-03-22,Email,9
2024-03-22,Direct,5
2024-03-22,Partner,3
2024-03-23,Organic,33
2024-03-23,Google,19
2024-03-23,LinkedIn,7
2024-03-23,Facebook,9
2024-03-23,Referral,22
2024-03-23,Email,1
2024-03-23,Direct,10
2024-03-23,Partner,9
2024-03-24,Organic,24
2024-03-24,Google,17
2024-03-24,LinkedIn,8
2024-03-24,Facebook,8
2024-03-24,Referral,2
2024-03-24,Email,1
2024-03-24,Direct,7
2024-03-24,Partner,4
2024-03-25,Organic,42
2024-03-25,Google,17
2024-03-25,LinkedIn,6
2024-03-25,Facebook,16
2024-03-25,Referral,7
2024-03-25,Email,7
2024-03-25,Direct,5
2024-03-25,Partner,3
2024-03-26,Organic,32
2024-03-26,Google,24
2024-03-26,LinkedIn,14
2024-03-26,Facebook,10
2024-03-26,Referral,15
2024-03-26,Email,6
2024-03-26,Direct,7
2024-03-26,Partner,3
2024-03-27,Organic,27
2024-03-27,Google,24
2024-03-27,LinkedIn,33
2024-03-27,Facebook,8
2024-03-27,Referral,7
2024-03-27,Email,15
2024-03-27,Direct,11
2024-03-27,Partner,3
2024-03-28,Organic,35
2024-03-28,Google,17
2024-03-28,LinkedIn,10
2024-03-28,Facebook,4
2024-03-28,Referral,10
2024-03-28,Email,1
2024-03-28,Direct,6
2024-03-28,Partner,18
2024-03-29,Organic,26
2024-03-29,Google,17
2024-03-29,LinkedIn,8
2024-03-29,Facebook,13
2024-03-29,Referral,17
2024-03-29,Email,1
2024-03-29,Direct,11
2024-03-29,Partner,3
2024-03-30,Organic,40
2024-03-30,Google,24
2024-03-30,LinkedIn,3
2024-03-30,Facebook,9
2024-03-30,Referral,18
2024-03-30,Email,1
2024-03-30,Direct,6
2024-03-30,Partner,3
2024-03-31,Organic,32
2024-03-31,Google,23
2024-03-31,LinkedIn,10
2024-03-31,Facebook,8
2024-03-31,Referral,12
2024-03-31,Email,10
2024-03-31,Direct,7
2024-03-31,Partner,4
2024-04-01,Organic,48
2024-04-01,Google,31
2024-04-01,LinkedIn,4
2024-04-01,Facebook,8
2024-04-01,Referral,5
2024-04-01,Email,6
2024-04-01,Direct,3
2024-04-01,Partner,3
2024-04-02,Organic,33
2024-04-02,Google,25
2024-04-02,LinkedIn,4
2024-04-02,Facebook,13
2024-04-02,Referral,15
2024-04-02,Email,15
2024-04-02,Direct,7
2024-04-02,Partner,8
2024-04-03,Organic,36
2024-04-03,Google,18
2024-04-03,LinkedIn,7
2024-04-03,Facebook,10
2024-04-03,Referral,24
2024-04-03,Email,14
2024-04-03,Direct,10
2024-04-03,Partner,24
2024-04-04,Organic,33
2024-04-04,Google,23
2024-04-04,LinkedIn,2
2024-04-04,Facebook,10
2024-04-04,Referral,25
2024-04-04,Email,6
2024-04-04,Direct,13
2024-04-04,Partner,3
2024-04-05,Organic,32
2024-04-05,Google,23
2024-04-05,LinkedIn,12
2024-04-05,Facebook,11
2024-04-05,Referral,9
2024-04-05,Email,11
2024-04-05,Direct,3
2024-04-05,Partner,8
2024-04-06,Organic,40
2024-04-06,Google,21
2024-04-06,LinkedIn,13
2024-04-06,Facebook,0
2024-04-06,Referral,8
2024-04-06,Email,6
2024-04-06,Direct,12
2024-04-06,Partner,9
2024-04-07,Organic,34
2024-04-07,Google,25
2024-04-07,LinkedIn,9
2024-04-07,Facebook,10
2024-04-07,Referral,17
2024-04-07,Email,3
2024-04-07,Direct,4
2024-04-07,Partner,3
2024-04-08,Organic,30
2024-04-08,Google,29
2024-04-08,LinkedIn,18
2024-04-08,Facebook,2
2024-04-08,Referral,4
2024-04-08,Email,7
2024-04-08,Direct,0
2024-04-08,Partner,23
2024-04-09,Organic,19
2024-04-09,Google,21
2024-04-09,LinkedIn,5
2024-04-09,Facebook,8
2024-04-09,Referral,2
2024-04-09,Email,7
2024-04-09,Direct,12
2024-04-09,Partner,18
2024-04-10,Organic,36
2024-04-10,Google,24
2024-04-10,LinkedIn,6
2024-04-10,Facebook,8
2024-04-10,Referral,17
2024-04-10,Email,1
2024-04-10,Direct,3
2024-04-10,Partner,6
2024-04-11,Organic,38
2024-04-11,Google,21
2024-04-11,LinkedIn,17
2024-04-11,Facebook,14
2024-04-11,Referral,17
2024-04-11,Email,1
2024-04-11,Direct,12
2024-04-11,Partner,4
2024-04-12,Organic,29
2024-04-12,Google,18
2024-04-12,LinkedIn,2
2024-04-12,Facebook,9
2024-04-12,Referral,19
2024-04-12,Email,1
2024-04-12,Direct,0
2024-04-12,Partner,4
2024-04-13,Organic,36
2024-04-13,Google,21
2024-04-13,LinkedIn,2
2024-04-13,Facebook,8
2024-04-13,Referral,17
2024-04-13,Email,3
2024-04-13,Direct,9
2024-04-13,Partner,14
2024-04-14,Organic,41
2024-04-14,Google,18
2024-04-14,LinkedIn,4
2024-04-14,Facebook,13
2024-04-14,Referral,2
2024-04-14,Email,1
2024-04-14,Direct,13
2024-04-14,Partner,28
2024-04-15,Organic,20
2024-04-15,Google,15
2024-04-15,LinkedIn,22
2024-04-15,Facebook,8
2024-04-15,Referral,2
2024-04-15,Email,11
2024-04-15,Direct,10
2024-04-15,Partner,13
2024-04-16,Organic,46
2024-04-16,Google,19
2024-04-16,LinkedIn,18
2024-04-16,Facebook,13
2024-04-16,Referral,5
2024-04-16,Email,4
2024-04-16,Direct,2
2024-04-16,Partner,18
2024-04-17,Organic,41
2024-04-17,Google,21
2024-04-17,LinkedIn,8
2024-04-17,Facebook,8
2024-04-17,Referral,21
2024-04-17,Email,1
2024-04-17,Direct,4
2024-04-17,Partner,4
2024-04-18,Organic,32
2024-04-18,Google,23
2024-04-18,LinkedIn,27
2024-04-18,Facebook,8
2024-04-18,Referral,14
2024-04-18,Email,6
2024-04-18,Direct,9
2024-04-18,Partner,3
2024-04-19,Organic,28
2024-04-19,Google,19
2024-04-19,LinkedIn,11
2024-04-19,Facebook,13
2024-04-19,Referral,27
2024-04-19,Email,16
2024-04-19,Direct,2
2024-04-19,Partner,12
2024-04-20,Organic,36
2024-04-20,Google,26
2024-04-20,LinkedIn,7
2024-04-20,Facebook,8
2024-04-20,Referral,12
2024-04-20,Email,1
2024-04-20,Direct,5
2024-04-20,Partner,3
2024-04-21,Organic,36
2024-04-21,Google,24
2024-04-21,LinkedIn,22
2024-04-21,Facebook,14
2024-04-21,Referral,7
2024-04-21,Email,1
2024-04-21,Direct,0
2024-04-21,Partner,25
2024-04-22,Organic,31
2024-04-22,Google,23
2024-04-22,LinkedIn,9
2024-04-22,Facebook,10
2024-04-22,Referral,21
2024-04-22,Email,1
2024-04-22,Direct,0
2024-04-22,Partner,3
2024-04-23,Organic,36
2024-04-23,Google,24
2024-04-23,LinkedIn,22
2024-04-23,Facebook,13
2024-04-23,Referral,5
2024-04-23,Email,1
2024-04-23,Direct,9
2024-04-23,Partner,3
2024-04-24,Organic,36
2024-04-24,Google,25
2024-04-24,LinkedIn,4
2024-04-24,Facebook,15
2024-04-24,Referral,25
2024-04-24,Email,3
2024-04-24,Direct,0
2024-04-24,Partner,10
2024-04-25,Organic,24
2024-04-25,Google,15
2024-04-25,LinkedIn,31
2024-04-25,Facebook,11
2024-04-25,Referral,11
2024-04-25,Email,6
2024-04-25,Direct,7
2024-04-25,Partner,9
2024-04-26,Organic,39
2024-04-26,Google,25
2024-04-26,LinkedIn,2
2024-04-26,Facebook,6
2024-04-26,Referral,2
2024-04-26,Email,10
2024-04-26,Direct,0
2024-04-26,Partner,3
2024-04-27,Organic,32
2024-04-27,Google,24
2024-04-27,LinkedIn,9
2024-04-27,Facebook,10
2024-04-27,Referral,13
2024-04-27,Email,6
2024-04-27,Direct,10
2024-04-27,Partner,22
2024-04-28,Organic,40
2024-04-28,Google,21
2024-04-28,LinkedIn,13
2024-04-28,Facebook,6
2024-04-28,Referral,2
2024-04-28,Email,7
2024-04-28,Direct,7
2024-04-28,Partner,14
2024-04-29,Organic,44
2024-04-29,Google,19
2024-04-29,LinkedIn,2
2024-04-29,Facebook,5
2024-04-29,Referral,17
2024-04-29,Email,1
2024-04-29,Direct,1
2024-04-29,Partner,3
2024-04-30,Organic,43
2024-04-30,Google,21
2024-04-30,LinkedIn,18
2024-04-30,Facebook,5
2024-04-30,Referral,17
2024-04-30,Email,11
2024-04-30,Direct,6
2024-04-30,Partner,7
2024-05-01,Organic,32
2024-05-01,Google,14
2024-05-01,LinkedIn,4
2024-05-01,Facebook,6
2024-05-01,Referral,31
2024-05-01,Email,15
2024-05-01,Direct,3
2024-05-01,Partner,3
2024-05-02,Organic,25
2024-05-02,Google,26
2024-05-02,LinkedIn,4
2024-05-02,Facebook,4
2024-05-02,Referral,25
2024-05-02,Email,8
2024-05-02,Direct,11
2024-05-02,Partner,3
2024-05-03,Organic,40
2024-05-03,Google,24
2024-05-03,LinkedIn,27
2024-05-03,Facebook,5
2024-05-03,Referral,19
2024-05-03,Email,18
2024-05-03,Direct,0
2024-05-03,Partner,3
2024-05-04,Organic,43
2024-05-04,Google,23
2024-05-04,LinkedIn,25
2024-05-04,Facebook,10
2024-05-04,Referral,19
2024-05-04,Email,9
2024-05-04,Direct,0
2024-05-04,Partner,27
2024-05-05,Organic,43
2024-05-05,Google,25
2024-05-05,LinkedIn,18
2024-05-05,Facebook,5
2024-05-05,Referral,11
2024-05-05,Email,14
2024-05-05,Direct,7
2024-05-05,Partner,18
2024-05-06,Organic,33
2024-05-06,Google,25
2024-05-06,LinkedIn,15
2024-05-06,Facebook,9
2024-05-06,Referral,4
2024-05-06,Email,1
2024-05-06,Direct,2
2024-05-06,Partner,4
2024-05-07,Organic,26
2024-05-07,Google,26
2024-05-07,LinkedIn,27
2024-05-07,Facebook,10
2024-05-07,Referral,7
2024-05-07,Email,3
2024-05-07,Direct,6
2024-05-07,Partner,18
2024-05-08,Organic,28
2024-05-08,Google,28
2024-05-08,LinkedIn,11
2024-05-08,Facebook,13
2024-05-08,Referral,29
2024-05-08,Email,1
2024-05-08,Direct,18
2024-05-08,Partner,3
2024-05-09,Organic,40
2024-05-09,Google,24
2024-05-09,LinkedIn,14
2024-05-09,Facebook,10
2024-05-09,Referral,16
2024-05-09,Email,18
2024-05-09,Direct,4
2024-05-09,Partner,17
2024-05-10,Organic,36
2024-05-10,Google,17
2024-05-10,LinkedIn,2
2024-05-10,Facebook,6
2024-05-10,Referral,28
2024-05-10,Email,1
2024-05-10,Direct,6
2024-05-10,Partner,3
2024-05-11,Organic,33
2024-05-11,Google,21
2024-05-11,LinkedIn,5
2024-05-11,Facebook,5
2024-05-11,Referral,10
2024-05-11,Email,1
2024-05-11,Direct,0
2024-05-11,Partner,3
2024-05-12,Organic,34
2024-05-12,Google,19
2024-05-12,LinkedIn,8
2024-05-12,Facebook,8
2024-05-12,Referral,25
2024-05-12,Email,3
2024-05-12,Direct,11
2024-05-12,Partner,3
2024-05-13,Organic,35
2024-05-13,Google,24
2024-05-13,LinkedIn,27
2024-05-13,Facebook,10
2024-05-13,Referral,7
2024-05-13,Email,2
2024-05-13,Direct,6
2024-05-13,Partner,3
2024-05-14,Organic,38
2024-05-14,Google,24
2024-05-14,LinkedIn,2
2024-05-14,Facebook,9
2024-05-14,Referral,10
2024-05-14,Email,3
2024-05-14,Direct,5
2024-05-14,Partner,7
2024-05-15,Organic,32
2024-05-15,Google,21
2024-05-15,LinkedIn,13
2024-05-15,Facebook,8
2024-05-15,Referral,8
2024-05-15,Email,1
2024-05-15,Direct,3
2024-05-15,Partner,22
2024-05-16,Organic,46
2024-05-16,Google,19
2024-05-16,LinkedIn,18
2024-05-16,Facebook,14
2024-05-16,Referral,18
2024-05-16,Email,16
2024-05-16,Direct,0
2024-05-16,Partner,11
2024-05-17,Organic,40
2024-05-17,Google,16
2024-05-17,LinkedIn,10
2024-05-17,Facebook,7
2024-05-17,Referral,2
2024-05-17,Email,6
2024-05-17,Direct,2
2024-05-17,Partner,22
2024-05-18,Organic,36
2024-05-18,Google,17
2024-05-18,LinkedIn,2
2024-05-18,Facebook,10
2024-05-18,Referral,27
2024-05-18,Email,1
2024-05-18,Direct,3
2024-05-18,Partner,3
2024-05-19,Organic,33
2024-05-19,Google,27
2024-05-19,LinkedIn,4
2024-05-19,Facebook,13
2024-05-19,Referral,28
2024-05-19,Email,6
2024-05-19,Direct,9
2024-05-19,Partner,9
2024-05-20,Organic,46
2024-05-20,Google,16
2024-05-20,LinkedIn,9
2024-05-20,Facebook,4
2024-05-20,Referral,9
2024-05-20,Email,8
2024-05-20,Direct,2
2024-05-20,Partner,3
2024-05-21,Organic,36
2024-05-21,Google,21
2024-05-21,LinkedIn,4
2024-05-21,Facebook,9
2024-05-21,Referral,3
2024-05-21,Email,11
2024-05-21,Direct,10
2024-05-21,Partner,19
2024-05-22,Organic,34
2024-05-22,Google,21
2024-05-22,LinkedIn,2
2024-05-22,Facebook,11
2024-05-22,Referral,27
2024-05-22,Email,3
2024-05-22,Direct,1
2024-05-22,Partner,3
2024-05-23,Organic,40
2024-05-23,Google,24
2024-05-23,LinkedIn,16
2024-05-23,Facebook,3
2024-05-23,Referral,10
2024-05-23,Email,5
2024-05-23,Direct,2
2024-05-23,Partner,12
2024-05-24,Organic,34
2024-05-24,Google,21
2024-05-24,LinkedIn,7
2024-05-24,Facebook,10
2024-05-24,Referral,12
2024-05-24,Email,1
2024-05-24,Direct,9
2024-05-24,Partner,3
2024-05-25,Organic,35
2024-05-25,Google,32
2024-05-25,LinkedIn,13
2024-05-25,Facebook,10
2024-05-25,Referral,8
2024-05-25,Email,10
2024-05-25,Direct,2
2024-05-25,Partner,3
2024-05-26,Organic,24
2024-05-26,Google,15
2024-05-26,LinkedIn,4
2024-05-26,Facebook,5
2024-05-26,Referral,25
2024-05-26,Email,4
2024-05-26,Direct,5
2024-05-26,Partner,8
2024-05-27,Organic,40
2024-05-27,Google,10
2024-05-27,LinkedIn,20
2024-05-27,Facebook,11
2024-05-27,Referral,7
2024-05-27,Email,1
2024-05-27,Direct,6
2024-05-27,Partner,28
2024-05-28,Organic,41
2024-05-28,Google,24
2024-05-28,LinkedIn,26
2024-05-28,Facebook,10
2024-05-28,Referral,21
2024-05-28,Email,17
2024-05-28,Direct,4
2024-05-28,Partner,13
2024-05-29,Organic,32
2024-05-29,Google,21
2024-05-29,LinkedIn,13
2024-05-29,Facebook,8
2024-05-29,Referral,14
2024-05-29,Email,16
2024-05-29,Direct,5
2024-05-29,Partner,14
2024-05-30,Organic,33
2024-05-30,Google,20
2024-05-30,LinkedIn,17
2024-05-30,Facebook,8
2024-05-30,Referral,17
2024-05-30,Email,9
2024-05-30,Direct,0
2024-05-30,Partner,19
2024-05-31,Organic,28
2024-05-31,Google,34
2024-05-31,LinkedIn,13
2024-05-31,Facebook,14
2024-05-31,Referral,19
2024-05-31,Email,5
2024-05-31,Direct,0
2024-05-31,Partner,3
2024-06-01,Organic,46
2024-06-01,Google,21
2024-06-01,LinkedIn,23
2024-06-01,Facebook,7
2024-06-01,Referral,10
2024-06-01,Email,1
2024-06-01,Direct,7
2024-06-01,Partner,3
2024-06-02,Organic,35
2024-06-02,Google,25
2024-06-02,LinkedIn,8
2024-06-02,Facebook,8
2024-06-02,Referral,5
2024-06-02,Email,9
2024-06-02,Direct,7
2024-06-02,Partner,3
2024-06-03,Organic,36
2024-06-03,Google,13
2024-06-03,LinkedIn,2
2024-06-03,Facebook,8
2024-06-03,Referral,31
2024-06-03,Email,8
2024-06-03,Direct,4
2024-06-03,Partner,14
2024-06-04,Organic,41
2024-06-04,Google,21
2024-06-04,LinkedIn,2
2024-06-04,Facebook,11
2024-06-04,Referral,14
2024-06-04,Email,12
2024-06-04,Direct,2
2024-06-04,Partner,18
2024-06-05,Organic,28
2024-06-05,Google,18
2024-06-05,LinkedIn,27
2024-06-05,Facebook,4
2024-06-05,Referral,8
2024-06-05,Email,8
2024-06-05,Direct,6
2024-06-05,Partner,20
2024-06-06,Organic,27
2024-06-06,Google,18
2024-06-06,LinkedIn,11
2024-06-06,Facebook,8
2024-06-06,Referral,12
2024-06-06,Email,6
2024-06-06,Direct,3
2024-06-06,Partner,3
2024-06-07,Organic,38
2024-06-07,Google,18
2024-06-07,LinkedIn,4
2024-06-07,Facebook,3
2024-06-07,Referral,28
2024-06-07,Email,9
2024-06-07,Direct,5
2024-06-07,Partner,3
2024-06-08,Organic,40
2024-06-08,Google,18
2024-06-08,LinkedIn,25
2024-06-08,Facebook,9
2024-06-08,Referral,11
2024-06-08,Email,7
2024-06-08,Direct,6
2024-06-08,Partner,3
2024-06-09,Organic,29
2024-06-09,Google,13
2024-06-09,LinkedIn,22
2024-06-09,Facebook,6
2024-06-09,Referral,2
2024-06-09,Email,5
2024-06-09,Direct,2
2024-06-09,Partner,18
2024-06-10,Organic,27
2024-06-10,Google,31
2024-06-10,LinkedIn,14
2024-06-10,Facebook,3
2024-06-10,Referral,2
2024-06-10,Email,3
2024-06-10,Direct,6
2024-06-10,Partner,3
2024-06-11,Organic,45
2024-06-11,Google,21
2024-06-11,LinkedIn,15
2024-06-11,Facebook,10
2024-06-11,Referral,27
2024-06-11,Email,3
2024-06-11,Direct,4
2024-06-11,Partner,4
2024-06-12,Organic,32
2024-06-12,Google,15
2024-06-12,LinkedIn,24
2024-06-12,Facebook,7
2024-06-12,Referral,21
2024-06-12,Email,6
2024-06-12,Direct,9
2024-06-12,Partner,6
2024-06-13,Organic,31
2024-06-13,Google,24
2024-06-13,LinkedIn,9
2024-06-13,Facebook,6
2024-06-13,Referral,12
2024-06-13,Email,16
2024-06-13,Direct,9
2024-06-13,Partner,24
2024-06-14,Organic,33
2024-06-14,Google,28
2024-06-14,LinkedIn,25
2024-06-14,Facebook,4
2024-06-14,Referral,12
2024-06-14,Email,3
2024-06-14,Direct,5
2024-06-14,Partner,3
2024-06-15,Organic,28
2024-06-15,Google,24
2024-06-15,LinkedIn,16
2024-06-15,Facebook,8
2024-06-15,Referral,17
2024-06-15,Email,1
2024-06-15,Direct,14
2024-06-15,Partner,9
2024-06-16,Organic,24
2024-06-16,Google,19
2024-06-16,LinkedIn,2
2024-06-16,Facebook,10
2024-06-16,Referral,14
2024-06-16,Email,1
2024-06-16,Direct,6
2024-06-16,Partner,4
2024-06-17,Organic,32
2024-06-17,Google,24
2024-06-17,LinkedIn,13
2024-06-17,Facebook,12
2024-06-17,Referral,9
2024-06-17,Email,1
2024-06-17,Direct,18
2024-06-17,Partner,10
2024-06-18,Organic,37
2024-06-18,Google,28
2024-06-18,LinkedIn,27
2024-06-18,Facebook,13
2024-06-18,Referral,11
2024-06-18,Email,5
2024-06-18,Direct,3
2024-06-18,Partner,3
2024-06-19,Organic,41
2024-06-19,Google,28
2024-06-19,LinkedIn,13
2024-06-19,Facebook,10
2024-06-19,Referral,9
2024-06-19,Email,9
2024-06-19,Direct,5
2024-06-19,Partner,19
2024-06-20,Organic,32
2024-06-20,Google,19
2024-06-20,LinkedIn,3
2024-06-20,Facebook,5
2024-06-20,Referral,24
2024-06-20,Email,9
2024-06-20,Direct,10
2024-06-20,Partner,12
2024-06-21,Organic,40
2024-06-21,Google,18
2024-06-21,LinkedIn,2
2024-06-21,Facebook,13
2024-06-21,Referral,16
2024-06-21,Email,1
2024-06-21,Direct,0
2024-06-21,Partner,14
2024-06-22,Organic,21
2024-06-22,Google,15
2024-06-22,LinkedIn,2
2024-06-22,Facebook,8
2024-06-22,Referral,27
2024-06-22,Email,9
2024-06-22,Direct,12
2024-06-22,Partner,4
2024-06-23,Organic,32
2024-06-23,Google,28
2024-06-23,LinkedIn,13
2024-06-23,Facebook,7
2024-06-23,Referral,21
2024-06-23,Email,14
2024-06-23,Direct,8
2024-06-23,Partner,4
2024-06-24,Organic,29
2024-06-24,Google,22
2024-06-24,LinkedIn,23
2024-06-24,Facebook,8
2024-06-24,Referral,11
2024-06-24,Email,3
2024-06-24,Direct,13
2024-06-24,Partner,3
2024-06-25,Organic,44
2024-06-25,Google,17
2024-06-25,LinkedIn,9
2024-06-25,Facebook,8
2024-06-25,Referral,12
2024-06-25,Email,6
2024-06-25,Direct,7
2024-06-25,Partner,3
2024-06-26,Organic,42
2024-06-26,Google,18
2024-06-26,LinkedIn,4
2024-06-26,Facebook,4
2024-06-26,Referral,15
2024-06-26,Email,1
2024-06-26,Direct,6
2024-06-26,Partner,3
2024-06-27,Organic,31
2024-06-27,Google,24
2024-06-27,LinkedIn,13
2024-06-27,Facebook,8
2024-06-27,Referral,8
2024-06-27,Email,1
2024-06-27,Direct,6
2024-06-27,Partner,3
2024-06-28,Organic,22
2024-06-28,Google,7
2024-06-28,LinkedIn,22
2024-06-28,Facebook,13
2024-06-28,Referral,29
2024-06-28,Email,9
2024-06-28,Direct,3
2024-06-28,Partner,14
2024-06-29,Organic,29
2024-06-29,Google,21
2024-06-29,LinkedIn,18
2024-06-29,Facebook,5
2024-06-29,Referral,3
2024-06-29,Email,1
2024-06-29,Direct,3
2024-06-29,Partner,3
2024-06-30,Organic,40
2024-06-30,Google,24
2024-06-30,LinkedIn,16
2024-06-30,Facebook,11
2024-06-30,Referral,19
2024-06-30,Email,6
2024-06-30,Direct,9
2024-06-30,Partner,3
2024-07-01,Organic,48
2024-07-01,Google,28
2024-07-01,LinkedIn,14
2024-07-01,Facebook,8
2024-07-01,Referral,11
2024-07-01,Email,1
2024-07-01,Direct,8
2024-07-01,Partner,3
2024-07-02,Organic,29
2024-07-02,Google,21
2024-07-02,LinkedIn,29
2024-07-02,Facebook,8
2024-07-02,Referral,17
2024-07-02,Email,3
2024-07-02,Direct,3
2024-07-02,Partner,10
2024-07-03,Organic,28
2024-07-03,Google,23
2024-07-03,LinkedIn,2
2024-07-03,Facebook,8
2024-07-03,Referral,21
2024-07-03,Email,6
2024-07-03,Direct,9
2024-07-03,Partner,3
2024-07-04,Organic,29
2024-07-04,Google,18
2024-07-04,LinkedIn,23
2024-07-04,Facebook,5
2024-07-04,Referral,17
2024-07-04,Email,1
2024-07-04,Direct,5
2024-07-04,Partner,12
2024-07-05,Organic,33
2024-07-05,Google,21
2024-07-05,LinkedIn,14
2024-07-05,Facebook,11
2024-07-05,Referral,2
2024-07-05,Email,6
2024-07-05,Direct,3
2024-07-05,Partner,11
2024-07-06,Organic,40
2024-07-06,Google,14
2024-07-06,LinkedIn,9
2024-07-06,Facebook,10
2024-07-06,Referral,7
2024-07-06,Email,6
2024-07-06,Direct,6
2024-07-06,Partner,29
2024-07-07,Organic,36
2024-07-07,Google,14
2024-07-07,LinkedIn,16
2024-07-07,Facebook,12
2024-07-07,Referral,2
2024-07-07,Email,2
2024-07-07,Direct,2
2024-07-07,Partner,11
2024-07-08,Organic,36
2024-07-08,Google,24
2024-07-08,LinkedIn,13
2024-07-08,Facebook,7
2024-07-08,Referral,8
2024-07-08,Email,1
2024-07-08,Direct,6
2024-07-08,Partner,3
2024-07-09,Organic,32
2024-07-09,Google,16
2024-07-09,LinkedIn,22
2024-07-09,Facebook,11
2024-07-09,Referral,2
2024-07-09,Email,4
2024-07-09,Direct,6
2024-07-09,Partner,19
2024-07-10,Organic,39
2024-07-10,Google,20
2024-07-10,LinkedIn,2
2024-07-10,Facebook,11
2024-07-10,Referral,11
2024-07-10,Email,2
2024-07-10,Direct,10
2024-07-10,Partner,3
2024-07-11,Organic,40
2024-07-11,Google,18
2024-07-11,LinkedIn,2
2024-07-11,Facebook,4
2024-07-11,Referral,14
2024-07-11,Email,4
2024-07-11,Direct,19
2024-07-11,Partner,14
2024-07-12,Organic,31
2024-07-12,Google,21
2024-07-12,LinkedIn,13
2024-07-12,Facebook,4
2024-07-12,Referral,13
2024-07-12,Email,7
2024-07-12,Direct,5
2024-07-12,Partner,24
2024-07-13,Organic,47
2024-07-13,Google,25
2024-07-13,LinkedIn,18
2024-07-13,Facebook,5
2024-07-13,Referral,13
2024-07-13,Email,11
2024-07-13,Direct,5
2024-07-13,Partner,20
2024-07-14,Organic,31
2024-07-14,Google,12
2024-07-14,LinkedIn,17
2024-07-14,Facebook,16
2024-07-14,Referral,7
2024-07-14,Email,2
2024-07-14,Direct,10
2024-07-14,Partner,3
2024-07-15,Organic,34
2024-07-15,Google,13
2024-07-15,LinkedIn,18
2024-07-15,Facebook,11
2024-07-15,Referral,2
2024-07-15,Email,2
2024-07-15,Direct,2
2024-07-15,Partner,15
2024-07-16,Organic,30
2024-07-16,Google,21
2024-07-16,LinkedIn,18
2024-07-16,Facebook,10
2024-07-16,Referral,3
2024-07-16,Email,1
2024-07-16,Direct,5
2024-07-16,Partner,5
2024-07-17,Organic,35
2024-07-17,Google,15
2024-07-17,LinkedIn,19
2024-07-17,Facebook,11
2024-07-17,Referral,15
2024-07-17,Email,9
2024-07-17,Direct,4
2024-07-17,Partner,3
2024-07-18,Organic,32
2024-07-18,Google,27
2024-07-18,LinkedIn,22
2024-07-18,Facebook,5
2024-07-18,Referral,4
2024-07-18,Email,6
2024-07-18,Direct,18
2024-07-18,Partner,14
2024-07-19,Organic,28
2024-07-19,Google,18
2024-07-19,LinkedIn,26
2024-07-19,Facebook,6
2024-07-19,Referral,17
2024-07-19,Email,4
2024-07-19,Direct,0
2024-07-19,Partner,3
2024-07-20,Organic,40
2024-07-20,Google,20
2024-07-20,LinkedIn,31
2024-07-20,Facebook,2
2024-07-20,Referral,7
2024-07-20,Email,9
2024-07-20,Direct,4
2024-07-20,Partner,3
2024-07-21,Organic,32
2024-07-21,Google,24
2024-07-21,LinkedIn,18
2024-07-21,Facebook,6
2024-07-21,Referral,25
2024-07-21,Email,1
2024-07-21,Direct,10
2024-07-21,Partner,12
2024-07-22,Organic,25
2024-07-22,Google,19
2024-07-22,LinkedIn,26
2024-07-22,Facebook,6
2024-07-22,Referral,19
2024-07-22,Email,8
2024-07-22,Direct,7
2024-07-22,Partner,13
2024-07-23,Organic,28
2024-07-23,Google,24
2024-07-23,LinkedIn,22
2024-07-23,Facebook,13
2024-07-23,Referral,8
2024-07-23,Email,1
2024-07-23,Direct,5
2024-07-23,Partner,4
2024-07-24,Organic,40
2024-07-24,Google,23
2024-07-24,LinkedIn,24
2024-07-24,Facebook,9
2024-07-24,Referral,22
2024-07-24,Email,12
2024-07-24,Direct,11
2024-07-24,Partner,9
2024-07-25,Organic,24
2024-07-25,Google,18
2024-07-25,LinkedIn,7
2024-07-25,Facebook,8
2024-07-25,Referral,15
2024-07-25,Email,3
2024-07-25,Direct,0
2024-07-25,Partner,3
2024-07-26,Organic,38
2024-07-26,Google,3
2024-07-26,LinkedIn,26
2024-07-26,Facebook,10
2024-07-26,Referral,11
2024-07-26,Email,6
2024-07-26,Direct,12
2024-07-26,Partner,9
2024-07-27,Organic,40
2024-07-27,Google,24
2024-07-27,LinkedIn,18
2024-07-27,Facebook,10
2024-07-27,Referral,18
2024-07-27,Email,3
2024-07-27,Direct,0
2024-07-27,Partner,18
2024-07-28,Organic,40
2024-07-28,Google,19
2024-07-28,LinkedIn,22
2024-07-28,Facebook,14
2024-07-28,Referral,15
2024-07-28,Email,3
2024-07-28,Direct,2
2024-07-28,Partner,3
2024-07-29,Organic,26
2024-07-29,Google,20
2024-07-29,LinkedIn,10
2024-07-29,Facebook,2
2024-07-29,Referral,12
2024-07-29,Email,19
2024-07-29,Direct,7
2024-07-29,Partner,23
2024-07-30,Organic,36
2024-07-30,Google,24
2024-07-30,LinkedIn,6
2024-07-30,Facebook,7
2024-07-30,Referral,28
2024-07-30,Email,13
2024-07-30,Direct,3
2024-07-30,Partner,4
2024-07-31,Organic,34
2024-07-31,Google,30
2024-07-31,LinkedIn,9
2024-07-31,Facebook,10
2024-07-31,Referral,17
2024-07-31,Email,1
2024-07-31,Direct,14
2024-07-31,Partner,3
2024-08-01,Organic,21
2024-08-01,Google,30
2024-08-01,LinkedIn,9
2024-08-01,Facebook,12
2024-08-01,Referral,26
2024-08-01,Email,11
2024-08-01,Direct,12
2024-08-01,Partner,3
2024-08-02,Organic,39
2024-08-02,Google,18
2024-08-02,LinkedIn,21
2024-08-02,Facebook,6
2024-08-02,Referral,17
2024-08-02,Email,15
2024-08-02,Direct,11
2024-08-02,Partner,5
2024-08-03,Organic,44
2024-08-03,Google,15
2024-08-03,LinkedIn,13
2024-08-03,Facebook,5
2024-08-03,Referral,11
2024-08-03,Email,12
2024-08-03,Direct,15
2024-08-03,Partner,3
2024-08-04,Organic,33
2024-08-04,Google,21
2024-08-04,LinkedIn,25
2024-08-04,Facebook,14
2024-08-04,Referral,9
2024-08-04,Email,1
2024-08-04,Direct,0
2024-08-04,Partner,14
2024-08-05,Organic,36
2024-08-05,Google,23
2024-08-05,LinkedIn,17
2024-08-05,Facebook,8
2024-08-05,Referral,2
2024-08-05,Email,5
2024-08-05,Direct,7
2024-08-05,Partner,3
2024-08-06,Organic,32
2024-08-06,Google,19
2024-08-06,LinkedIn,2
2024-08-06,Facebook,13
2024-08-06,Referral,21
2024-08-06,Email,12
2024-08-06,Direct,5
2024-08-06,Partner,17
2024-08-07,Organic,35
2024-08-07,Google,14
2024-08-07,LinkedIn,15
2024-08-07,Facebook,11
2024-08-07,Referral,2
2024-08-07,Email,6
2024-08-07,Direct,9
2024-08-07,Partner,22
2024-08-08,Organic,42
2024-08-08,Google,19
2024-08-08,LinkedIn,18
2024-08-08,Facebook,9
2024-08-08,Referral,29
2024-08-08,Email,15
2024-08-08,Direct,5
2024-08-08,Partner,16
2024-08-09,Organic,24
2024-08-09,Google,23
2024-08-09,LinkedIn,12
2024-08-09,Facebook,10
2024-08-09,Referral,2
2024-08-09,Email,3
2024-08-09,Direct,4
2024-08-09,Partner,3
2024-08-10,Organic,40
2024-08-10,Google,21
2024-08-10,LinkedIn,2
2024-08-10,Facebook,10
2024-08-10,Referral,12
2024-08-10,Email,9
2024-08-10,Direct,7
2024-08-10,Partner,6
2024-08-11,Organic,40
2024-08-11,Google,18
2024-08-11,LinkedIn,14
2024-08-11,Facebook,10
2024-08-11,Referral,2
2024-08-11,Email,3
2024-08-11,Direct,6
2024-08-11,Partner,3
2024-08-12,Organic,43
2024-08-12,Google,27
2024-08-12,LinkedIn,18
2024-08-12,Facebook,7
2024-08-12,Referral,21
2024-08-12,Email,6
2024-08-12,Direct,11
2024-08-12,Partner,23
2024-08-13,Organic,40
2024-08-13,Google,16
2024-08-13,LinkedIn,8
2024-08-13,Facebook,8
2024-08-13,Referral,18
2024-08-13,Email,9
2024-08-13,Direct,0
2024-08-13,Partner,23
2024-08-14,Organic,25
2024-08-14,Google,31
2024-08-14,LinkedIn,5
2024-08-14,Facebook,7
2024-08-14,Referral,2
2024-08-14,Email,3
2024-08-14,Direct,5
2024-08-14,Partner,3
2024-08-15,Organic,32
2024-08-15,Google,29
2024-08-15,LinkedIn,6
2024-08-15,Facebook,10
2024-08-15,Referral,2
2024-08-15,Email,3
2024-08-15,Direct,11
2024-08-15,Partner,4
2024-08-16,Organic,44
2024-08-16,Google,25
2024-08-16,LinkedIn,13
2024-08-16,Facebook,8
2024-08-16,Referral,4
2024-08-16,Email,9
2024-08-16,Direct,6
2024-08-16,Partner,14
2024-08-17,Organic,28
2024-08-17,Google,26
2024-08-17,LinkedIn,25
2024-08-17,Facebook,10
2024-08-17,Referral,34
2024-08-17,Email,7
2024-08-17,Direct,0
2024-08-17,Partner,15
2024-08-18,Organic,31
2024-08-18,Google,28
2024-08-18,LinkedIn,21
2024-08-18,Facebook,7
2024-08-18,Referral,5
2024-08-18,Email,19
2024-08-18,Direct,7
2024-08-18,Partner,3
2024-08-19,Organic,36
2024-08-19,Google,24
2024-08-19,LinkedIn,23
2024-08-19,Facebook,13
2024-08-19,Referral,25
2024-08-19,Email,2
2024-08-19,Direct,4
2024-08-19,Partner,19
2024-08-20,Organic,36
2024-08-20,Google,24
2024-08-20,LinkedIn,15
2024-08-20,Facebook,8
2024-08-20,Referral,14
2024-08-20,Email,3
2024-08-20,Direct,6
2024-08-20,Partner,24
2024-08-21,Organic,32
2024-08-21,Google,22
2024-08-21,LinkedIn,21
2024-08-21,Facebook,13
2024-08-21,Referral,13
2024-08-21,Email,12
2024-08-21,Direct,7
2024-08-21,Partner,5
2024-08-22,Organic,32
2024-08-22,Google,28
2024-08-22,LinkedIn,14
2024-08-22,Facebook,11
2024-08-22,Referral,3
2024-08-22,Email,1
2024-08-22,Direct,7
2024-08-22,Partner,12
2024-08-23,Organic,39
2024-08-23,Google,28
2024-08-23,LinkedIn,8
2024-08-23,Facebook,2
2024-08-23,Referral,14
2024-08-23,Email,6
2024-08-23,Direct,5
2024-08-23,Partner,27
2024-08-24,Organic,31
2024-08-24,Google,23
2024-08-24,LinkedIn,3
2024-08-24,Facebook,10
2024-08-24,Referral,10
2024-08-24,Email,1
2024-08-24,Direct,9
2024-08-24,Partner,9
2024-08-25,Organic,26
2024-08-25,Google,28
2024-08-25,LinkedIn,24
2024-08-25,Facebook,7
2024-08-25,Referral,2
2024-08-25,Email,4
2024-08-25,Direct,15
2024-08-25,Partner,3
2024-08-26,Organic,39
2024-08-26,Google,24
2024-08-26,LinkedIn,2
2024-08-26,Facebook,8
2024-08-26,Referral,2
2024-08-26,Email,1
2024-08-26,Direct,0
2024-08-26,Partner,3
2024-08-27,Organic,20
2024-08-27,Google,17
2024-08-27,LinkedIn,2
2024-08-27,Facebook,11
2024-08-27,Referral,18
2024-08-27,Email,8
2024-08-27,Direct,0
2024-08-27,Partner,3
2024-08-28,Organic,48
2024-08-28,Google,31
2024-08-28,LinkedIn,34
2024-08-28,Facebook,2
2024-08-28,Referral,3
2024-08-28,Email,3
2024-08-28,Direct,6
2024-08-28,Partner,9
2024-08-29,Organic,31
2024-08-29,Google,21
2024-08-29,LinkedIn,9
2024-08-29,Facebook,9
2024-08-29,Referral,26
2024-08-29,Email,1
2024-08-29,Direct,3
2024-08-29,Partner,13
2024-08-30,Organic,35
2024-08-30,Google,16
2024-08-30,LinkedIn,4
2024-08-30,Facebook,8
2024-08-30,Referral,7
2024-08-30,Email,6
2024-08-30,Direct,3
2024-08-30,Partner,4
2024-08-31,Organic,40
2024-08-31,Google,21
2024-08-31,LinkedIn,4
2024-08-31,Facebook,3
2024-08-31,Referral,2
2024-08-31,Email,4
2024-08-31,Direct,2
2024-08-31,Partner,3
2024-09-01,Organic,28
2024-09-01,Google,28
2024-09-01,LinkedIn,22
2024-09-01,Facebook,5
2024-09-01,Referral,21
2024-09-01,Email,10
2024-09-01,Direct,10
2024-09-01,Partner,3
2024-09-02,Organic,42
2024-09-02,Google,15
2024-09-02,LinkedIn,8
2024-09-02,Facebook,9
2024-09-02,Referral,11
2024-09-02,Email,4
2024-09-02,Direct,0
2024-09-02,Partner,19
2024-09-03,Organic,39
2024-09-03,Google,18
2024-09-03,LinkedIn,3
2024-09-03,Facebook,6
2024-09-03,Referral,8
2024-09-03,Email,3
2024-09-03,Direct,3
2024-09-03,Partner,3
2024-09-04,Organic,33
2024-09-04,Google,25
2024-09-04,LinkedIn,2
2024-09-04,Facebook,10
2024-09-04,Referral,11
2024-09-04,Email,3
2024-09-04,Direct,6
2024-09-04,Partner,6
2024-09-05,Organic,44
2024-09-05,Google,31
2024-09-05,LinkedIn,2
2024-09-05,Facebook,10
2024-09-05,Referral,10
2024-09-05,Email,9
2024-09-05,Direct,9
2024-09-05,Partner,3
2024-09-06,Organic,21
2024-09-06,Google,20
2024-09-06,LinkedIn,18
2024-09-06,Facebook,10
2024-09-06,Referral,8
2024-09-06,Email,2
2024-09-06,Direct,1
2024-09-06,Partner,3
2024-09-07,Organic,43
2024-09-07,Google,19
2024-09-07,LinkedIn,17
2024-09-07,Facebook,10
2024-09-07,Referral,8
2024-09-07,Email,1
2024-09-07,Direct,0
2024-09-07,Partner,9
2024-09-08,Organic,40
2024-09-08,Google,24
2024-09-08,LinkedIn,2
2024-09-08,Facebook,6
2024-09-08,Referral,17
2024-09-08,Email,11
2024-09-08,Direct,1
2024-09-08,Partner,3
2024-09-09,Organic,27
2024-09-09,Google,29
2024-09-09,LinkedIn,17
2024-09-09,Facebook,11
2024-09-09,Referral,19
2024-09-09,Email,9
2024-09-09,Direct,9
2024-09-09,Partner,12
2024-09-10,Organic,40
2024-09-10,Google,16
2024-09-10,LinkedIn,2
2024-09-10,Facebook,13
2024-09-10,Referral,15
2024-09-10,Email,9
2024-09-10,Direct,6
2024-09-10,Partner,19
2024-09-11,Organic,34
2024-09-11,Google,25
2024-09-11,LinkedIn,34
2024-09-11,Facebook,8
2024-09-11,Referral,14
2024-09-11,Email,1
2024-09-11,Direct,12
2024-09-11,Partner,9
2024-09-12,Organic,37
2024-09-12,Google,30
2024-09-12,LinkedIn,2
2024-09-12,Facebook,9
2024-09-12,Referral,5
2024-09-12,Email,7
2024-09-12,Direct,0
2024-09-12,Partner,19
2024-09-13,Organic,32
2024-09-13,Google,27
2024-09-13,LinkedIn,18
2024-09-13,Facebook,8
2024-09-13,Referral,7
2024-09-13,Email,9
2024-09-13,Direct,10
2024-09-13,Partner,3
2024-09-14,Organic,32
2024-09-14,Google,14
2024-09-14,LinkedIn,19
2024-09-14,Facebook,4
2024-09-14,Referral,7
2024-09-14,Email,18
2024-09-14,Direct,10
2024-09-14,Partner,3
2024-09-15,Organic,40
2024-09-15,Google,28
2024-09-15,LinkedIn,2
2024-09-15,Facebook,6
2024-09-15,Referral,9
2024-09-15,Email,7
2024-09-15,Direct,7
2024-09-15,Partner,19
2024-09-16,Organic,39
2024-09-16,Google,22
2024-09-16,LinkedIn,11
2024-09-16,Facebook,5
2024-09-16,Referral,6
2024-09-16,Email,7
2024-09-16,Direct,12
2024-09-16,Partner,10
2024-09-17,Organic,36
2024-09-17,Google,27
2024-09-17,LinkedIn,18
2024-09-17,Facebook,10
2024-09-17,Referral,2
2024-09-17,Email,11
2024-09-17,Direct,10
2024-09-17,Partner,14
2024-09-18,Organic,34
2024-09-18,Google,24
2024-09-18,LinkedIn,9
2024-09-18,Facebook,5
2024-09-18,Referral,8
2024-09-18,Email,7
2024-09-18,Direct,13
2024-09-18,Partner,19
2024-09-19,Organic,34
2024-09-19,Google,21
2024-09-19,LinkedIn,21
2024-09-19,Facebook,5
2024-09-19,Referral,21
2024-09-19,Email,6
2024-09-19,Direct,0
2024-09-19,Partner,4
2024-09-20,Organic,35
2024-09-20,Google,24
2024-09-20,LinkedIn,2
2024-09-20,Facebook,15
2024-09-20,Referral,2
2024-09-20,Email,3
2024-09-20,Direct,0
2024-09-20,Partner,3
2024-09-21,Organic,34
2024-09-21,Google,16
2024-09-21,LinkedIn,9
2024-09-21,Facebook,10
2024-09-21,Referral,16
2024-09-21,Email,22
2024-09-21,Direct,3
2024-09-21,Partner,5
2024-09-22,Organic,42
2024-09-22,Google,25
2024-09-22,LinkedIn,22
2024-09-22,Facebook,10
2024-09-22,Referral,16
2024-09-22,Email,12
2024-09-22,Direct,3
2024-09-22,Partner,3
2024-09-23,Organic,34
2024-09-23,Google,23
2024-09-23,LinkedIn,27
2024-09-23,Facebook,10
2024-09-23,Referral,8
2024-09-23,Email,9
2024-09-23,Direct,8
2024-09-23,Partner,3
2024-09-24,Organic,21
2024-09-24,Google,28
2024-09-24,LinkedIn,24
2024-09-24,Facebook,7
2024-09-24,Referral,11
2024-09-24,Email,5
2024-09-24,Direct,0
2024-09-24,Partner,9
2024-09-25,Organic,44
2024-09-25,Google,23
2024-09-25,LinkedIn,7
2024-09-25,Facebook,10
2024-09-25,Referral,8
2024-09-25,Email,1
2024-09-25,Direct,0
2024-09-25,Partner,3
2024-09-26,Organic,35
2024-09-26,Google,18
2024-09-26,LinkedIn,18
2024-09-26,Facebook,8
2024-09-26,Referral,12
2024-09-26,Email,1
2024-09-26,Direct,6
2024-09-26,Partner,3
2024-09-27,Organic,44
2024-09-27,Google,12
2024-09-27,LinkedIn,4
2024-09-27,Facebook,4
2024-09-27,Referral,21
2024-09-27,Email,12
2024-09-27,Direct,9
2024-09-27,Partner,3
2024-09-28,Organic,38
2024-09-28,Google,28
2024-09-28,LinkedIn,12
2024-09-28,Facebook,10
2024-09-28,Referral,21
2024-09-28,Email,8
2024-09-28,Direct,13
2024-09-28,Partner,3
2024-09-29,Organic,28
2024-09-29,Google,29
2024-09-29,LinkedIn,18
2024-09-29,Facebook,10
2024-09-29,Referral,2
2024-09-29,Email,11
2024-09-29,Direct,8
2024-09-29,Partner,3
2024-09-30,Organic,46
2024-09-30,Google,24
2024-09-30,LinkedIn,27
2024-09-30,Facebook,13
2024-09-30,Referral,2
2024-09-30,Email,15
2024-09-30,Direct,3
2024-09-30,Partner,3
2024-10-01,Organic,31
2024-10-01,Google,21
2024-10-01,LinkedIn,2
2024-10-01,Facebook,11
2024-10-01,Referral,17
2024-10-01,Email,7
2024-10-01,Direct,9
2024-10-01,Partner,4
2024-10-02,Organic,36
2024-10-02,Google,14
2024-10-02,LinkedIn,12
2024-10-02,Facebook,5
2024-10-02,Referral,12
2024-10-02,Email,10
2024-10-02,Direct,8
2024-10-02,Partner,5
2024-10-03,Organic,30
2024-10-03,Google,24
2024-10-03,LinkedIn,15
2024-10-03,Facebook,3
2024-10-03,Referral,7
2024-10-03,Email,1
2024-10-03,Direct,7
2024-10-03,Partner,7
2024-10-04,Organic,32
2024-10-04,Google,24
2024-10-04,LinkedIn,12
2024-10-04,Facebook,8
2024-10-04,Referral,19
2024-10-04,Email,1
2024-10-04,Direct,15
2024-10-04,Partner,3
2024-10-05,Organic,36
2024-10-05,Google,21
2024-10-05,LinkedIn,2
2024-10-05,Facebook,13
2024-10-05,Referral,26
2024-10-05,Email,6
2024-10-05,Direct,8
2024-10-05,Partner,3
2024-10-06,Organic,28
2024-10-06,Google,17
2024-10-06,LinkedIn,17
2024-10-06,Facebook,10
2024-10-06,Referral,17
2024-10-06,Email,15
2024-10-06,Direct,0
2024-10-06,Partner,3
2024-10-07,Organic,36
2024-10-07,Google,24
2024-10-07,LinkedIn,13
2024-10-07,Facebook,10
2024-10-07,Referral,20
2024-10-07,Email,10
2024-10-07,Direct,10
2024-10-07,Partner,9
2024-10-08,Organic,40
2024-10-08,Google,21
2024-10-08,LinkedIn,7
2024-10-08,Facebook,13
2024-10-08,Referral,21
2024-10-08,Email,12
2024-10-08,Direct,3
2024-10-08,Partner,3
2024-10-09,Organic,31
2024-10-09,Google,19
2024-10-09,LinkedIn,13
2024-10-09,Facebook,8
2024-10-09,Referral,2
2024-10-09,Email,11
2024-10-09,Direct,12
2024-10-09,Partner,24
2024-10-10,Organic,24
2024-10-10,Google,32
2024-10-10,LinkedIn,8
2024-10-10,Facebook,11
2024-10-10,Referral,5
2024-10-10,Email,1
2024-10-10,Direct,5
2024-10-10,Partner,13
2024-10-11,Organic,28
2024-10-11,Google,14
2024-10-11,LinkedIn,32
2024-10-11,Facebook,8
2024-10-11,Referral,8
2024-10-11,Email,11
2024-10-11,Direct,10
2024-10-11,Partner,3
2024-10-12,Organic,45
2024-10-12,Google,24
2024-10-12,LinkedIn,27
2024-10-12,Facebook,10
2024-10-12,Referral,5
2024-10-12,Email,16
2024-10-12,Direct,4
2024-10-12,Partner,9
2024-10-13,Organic,44
2024-10-13,Google,24
2024-10-13,LinkedIn,9
2024-10-13,Facebook,8
2024-10-13,Referral,2
2024-10-13,Email,3
2024-10-13,Direct,5
2024-10-13,Partner,4
2024-10-14,Organic,25
2024-10-14,Google,28
2024-10-14,LinkedIn,13
2024-10-14,Facebook,8
2024-10-14,Referral,26
2024-10-14,Email,10
2024-10-14,Direct,6
2024-10-14,Partner,5
2024-10-15,Organic,31
2024-10-15,Google,21
2024-10-15,LinkedIn,9
2024-10-15,Facebook,15
2024-10-15,Referral,18
2024-10-15,Email,3
2024-10-15,Direct,3
2024-10-15,Partner,4
2024-10-16,Organic,48
2024-10-16,Google,21
2024-10-16,LinkedIn,2
2024-10-16,Facebook,10
2024-10-16,Referral,17
2024-10-16,Email,6
2024-10-16,Direct,2
2024-10-16,Partner,8
2024-10-17,Organic,20
2024-10-17,Google,24
2024-10-17,LinkedIn,23
2024-10-17,Facebook,8
2024-10-17,Referral,19
2024-10-17,Email,1
2024-10-17,Direct,2
2024-10-17,Partner,20
2024-10-18,Organic,39
2024-10-18,Google,31
2024-10-18,LinkedIn,13
2024-10-18,Facebook,8
2024-10-18,Referral,11
2024-10-18,Email,2
2024-10-18,Direct,0
2024-10-18,Partner,3
2024-10-19,Organic,41
2024-10-19,Google,18
2024-10-19,LinkedIn,27
2024-10-19,Facebook,9
2024-10-19,Referral,7
2024-10-19,Email,3
2024-10-19,Direct,8
2024-10-19,Partner,15
2024-10-20,Organic,30
2024-10-20,Google,29
2024-10-20,LinkedIn,18
2024-10-20,Facebook,12
2024-10-20,Referral,22
2024-10-20,Email,8
2024-10-20,Direct,11
2024-10-20,Partner,14
2024-10-21,Organic,29
2024-10-21,Google,18
2024-10-21,LinkedIn,16
2024-10-21,Facebook,13
2024-10-21,Referral,19
2024-10-21,Email,10
2024-10-21,Direct,9
2024-10-21,Partner,9
2024-10-22,Organic,40
2024-10-22,Google,18
2024-10-22,LinkedIn,2
2024-10-22,Facebook,5
2024-10-22,Referral,23
2024-10-22,Email,6
2024-10-22,Direct,0
2024-10-22,Partner,3
2024-10-23,Organic,33
2024-10-23,Google,3
2024-10-23,LinkedIn,31
2024-10-23,Facebook,8
2024-10-23,Referral,10
2024-10-23,Email,4
2024-10-23,Direct,13
2024-10-23,Partner,17
2024-10-24,Organic,40
2024-10-24,Google,16
2024-10-24,LinkedIn,13
2024-10-24,Facebook,6
2024-10-24,Referral,15
2024-10-24,Email,1
2024-10-24,Direct,9
2024-10-24,Partner,3
2024-10-25,Organic,32
2024-10-25,Google,15
2024-10-25,LinkedIn,9
2024-10-25,Facebook,8
2024-10-25,Referral,12
2024-10-25,Email,4
2024-10-25,Direct,5
2024-10-25,Partner,13
2024-10-26,Organic,43
2024-10-26,Google,23
2024-10-26,LinkedIn,22
2024-10-26,Facebook,6
2024-10-26,Referral,22
2024-10-26,Email,1
2024-10-26,Direct,12
2024-10-26,Partner,9
2024-10-27,Organic,31
2024-10-27,Google,28
2024-10-27,LinkedIn,19
2024-10-27,Facebook,10
2024-10-27,Referral,12
2024-10-27,Email,1
2024-10-27,Direct,6
2024-10-27,Partner,19
2024-10-28,Organic,40
2024-10-28,Google,17
2024-10-28,LinkedIn,27
2024-10-28,Facebook,6
2024-10-28,Referral,17
2024-10-28,Email,7
2024-10-28,Direct,10
2024-10-28,Partner,17
2024-10-29,Organic,34
2024-10-29,Google,21
2024-10-29,LinkedIn,4
2024-10-29,Facebook,16
2024-10-29,Referral,14
2024-10-29,Email,12
2024-10-29,Direct,3
2024-10-29,Partner,4
2024-10-30,Organic,28
2024-10-30,Google,21
2024-10-30,LinkedIn,8
2024-10-30,Facebook,7
2024-10-30,Referral,24
2024-10-30,Email,18
2024-10-30,Direct,3
2024-10-30,Partner,11
2024-10-31,Organic,20
2024-10-31,Google,18
2024-10-31,LinkedIn,19
2024-10-31,Facebook,8
2024-10-31,Referral,15
2024-10-31,Email,1
2024-10-31,Direct,11
2024-10-31,Partner,6
2024-11-01,Organic,32
2024-11-01,Google,35
2024-11-01,LinkedIn,13
2024-11-01,Facebook,9
2024-11-01,Referral,15
2024-11-01,Email,6
2024-11-01,Direct,8
2024-11-01,Partner,11
2024-11-02,Organic,26
2024-11-02,Google,24
2024-11-02,LinkedIn,12
2024-11-02,Facebook,12
2024-11-02,Referral,3
2024-11-02,Email,1
2024-11-02,Direct,6
2024-11-02,Partner,24
2024-11-03,Organic,32
2024-11-03,Google,14
2024-11-03,LinkedIn,27
2024-11-03,Facebook,8
2024-11-03,Referral,8
2024-11-03,Email,13
2024-11-03,Direct,0
2024-11-03,Partner,4
2024-11-04,Organic,32
2024-11-04,Google,18
2024-11-04,LinkedIn,16
2024-11-04,Facebook,6
2024-11-04,Referral,21
2024-11-04,Email,6
2024-11-04,Direct,6
2024-11-04,Partner,3
2024-11-05,Organic,44
2024-11-05,Google,15
2024-11-05,LinkedIn,11
2024-11-05,Facebook,10
2024-11-05,Referral,29
2024-11-05,Email,12
2024-11-05,Direct,10
2024-11-05,Partner,5
2024-11-06,Organic,46
2024-11-06,Google,16
2024-11-06,LinkedIn,13
2024-11-06,Facebook,8
2024-11-06,Referral,13
2024-11-06,Email,8
2024-11-06,Direct,5
2024-11-06,Partner,19
2024-11-07,Organic,35
2024-11-07,Google,31
2024-11-07,LinkedIn,18
2024-11-07,Facebook,12
2024-11-07,Referral,23
2024-11-07,Email,1
2024-11-07,Direct,5
2024-11-07,Partner,7
2024-11-08,Organic,38
2024-11-08,Google,21
2024-11-08,LinkedIn,25
2024-11-08,Facebook,13
2024-11-08,Referral,8
2024-11-08,Email,1
2024-11-08,Direct,16
2024-11-08,Partner,4
2024-11-09,Organic,40
2024-11-09,Google,28
2024-11-09,LinkedIn,22
2024-11-09,Facebook,10
2024-11-09,Referral,8
2024-11-09,Email,1
2024-11-09,Direct,8
2024-11-09,Partner,9
2024-11-10,Organic,36
2024-11-10,Google,31
2024-11-10,LinkedIn,9
2024-11-10,Facebook,4
2024-11-10,Referral,15
2024-11-10,Email,10
2024-11-10,Direct,4
2024-11-10,Partner,3
2024-11-11,Organic,32
2024-11-11,Google,24
2024-11-11,LinkedIn,7
2024-11-11,Facebook,8
2024-11-11,Referral,8
2024-11-11,Email,13
2024-11-11,Direct,6
2024-11-11,Partner,9
2024-11-12,Organic,28
2024-11-12,Google,26
2024-11-12,LinkedIn,15
2024-11-12,Facebook,12
2024-11-12,Referral,12
2024-11-12,Email,20
2024-11-12,Direct,9
2024-11-12,Partner,3
2024-11-13,Organic,32
2024-11-13,Google,23
2024-11-13,LinkedIn,24
2024-11-13,Facebook,6
2024-11-13,Referral,8
2024-11-13,Email,20
2024-11-13,Direct,10
2024-11-13,Partner,15
2024-11-14,Organic,24
2024-11-14,Google,25
2024-11-14,LinkedIn,3
2024-11-14,Facebook,10
2024-11-14,Referral,3
2024-11-14,Email,1
2024-11-14,Direct,8
2024-11-14,Partner,3
2024-11-15,Organic,40
2024-11-15,Google,16
2024-11-15,LinkedIn,15
2024-11-15,Facebook,13
2024-11-15,Referral,12
2024-11-15,Email,1
2024-11-15,Direct,3
2024-11-15,Partner,8
2024-11-16,Organic,23
2024-11-16,Google,24
2024-11-16,LinkedIn,16
2024-11-16,Facebook,10
2024-11-16,Referral,12
2024-11-16,Email,2
2024-11-16,Direct,7
2024-11-16,Partner,3
2024-11-17,Organic,32
2024-11-17,Google,25
2024-11-17,LinkedIn,14
2024-11-17,Facebook,14
2024-11-17,Referral,12
2024-11-17,Email,6
2024-11-17,Direct,4
2024-11-17,Partner,3
2024-11-18,Organic,32
2024-11-18,Google,15
2024-11-18,LinkedIn,4
2024-11-18,Facebook,6
2024-11-18,Referral,8
2024-11-18,Email,6
2024-11-18,Direct,0
2024-11-18,Partner,3
2024-11-19,Organic,28
2024-11-19,Google,14
2024-11-19,LinkedIn,2
2024-11-19,Facebook,6
2024-11-19,Referral,34
2024-11-19,Email,13
2024-11-19,Direct,12
2024-11-19,Partner,4
2024-11-20,Organic,36
2024-11-20,Google,22
2024-11-20,LinkedIn,2
2024-11-20,Facebook,10
2024-11-20,Referral,7
2024-11-20,Email,17
2024-11-20,Direct,3
2024-11-20,Partner,3
2024-11-21,Organic,32
2024-11-21,Google,17
2024-11-21,LinkedIn,20
2024-11-21,Facebook,7
2024-11-21,Referral,10
2024-11-21,Email,1
2024-11-21,Direct,3
2024-11-21,Partner,10
2024-11-22,Organic,39
2024-11-22,Google,16
2024-11-22,LinkedIn,7
2024-11-22,Facebook,2
2024-11-22,Referral,15
2024-11-22,Email,8
2024-11-22,Direct,3
2024-11-22,Partner,14
2024-11-23,Organic,24
2024-11-23,Google,22
2024-11-23,LinkedIn,19
2024-11-23,Facebook,6
2024-11-23,Referral,4
2024-11-23,Email,1
2024-11-23,Direct,0
2024-11-23,Partner,4
2024-11-24,Organic,23
2024-11-24,Google,21
2024-11-24,LinkedIn,25
2024-11-24,Facebook,7
2024-11-24,Referral,2
2024-11-24,Email,1
2024-11-24,Direct,5
2024-11-24,Partner,3
2024-11-25,Organic,38
2024-11-25,Google,31
2024-11-25,LinkedIn,14
2024-11-25,Facebook,15
2024-11-25,Referral,23
2024-11-25,Email,7
2024-11-25,Direct,6
2024-11-25,Partner,23
2024-11-26,Organic,41
2024-11-26,Google,21
2024-11-26,LinkedIn,18
2024-11-26,Facebook,13
2024-11-26,Referral,7
2024-11-26,Email,2
2024-11-26,Direct,2
2024-11-26,Partner,16
2024-11-27,Organic,43
2024-11-27,Google,13
2024-11-27,LinkedIn,26
2024-11-27,Facebook,4
2024-11-27,Referral,23
2024-11-27,Email,7
2024-11-27,Direct,5
2024-11-27,Partner,4
2024-11-28,Organic,30
2024-11-28,Google,21
2024-11-28,LinkedIn,2
2024-11-28,Facebook,7
2024-11-28,Referral,2
2024-11-28,Email,17
2024-11-28,Direct,12
2024-11-28,Partner,19
2024-11-29,Organic,30
2024-11-29,Google,25
2024-11-29,LinkedIn,24
2024-11-29,Facebook,10
2024-11-29,Referral,6
2024-11-29,Email,8
2024-11-29,Direct,6
2024-11-29,Partner,9
2024-11-30,Organic,28
2024-11-30,Google,18
2024-11-30,LinkedIn,23
2024-11-30,Facebook,10
2024-11-30,Referral,3
2024-11-30,Email,6
2024-11-30,Direct,5
2024-11-30,Partner,4
2024-12-01,Organic,33
2024-12-01,Google,24
2024-12-01,LinkedIn,5
2024-12-01,Facebook,8
2024-12-01,Referral,18
2024-12-01,Email,1
2024-12-01,Direct,2
2024-12-01,Partner,23
2024-12-02,Organic,40
2024-12-02,Google,24
2024-12-02,LinkedIn,22
2024-12-02,Facebook,11
2024-12-02,Referral,12
2024-12-02,Email,1
2024-12-02,Direct,7
2024-12-02,Partner,3
2024-12-03,Organic,36
2024-12-03,Google,7
2024-12-03,LinkedIn,21
2024-12-03,Facebook,13
2024-12-03,Referral,17
2024-12-03,Email,3
2024-12-03,Direct,0
2024-12-03,Partner,24
2024-12-04,Organic,38
2024-12-04,Google,21
2024-12-04,LinkedIn,27
2024-12-04,Facebook,13
2024-12-04,Referral,4
2024-12-04,Email,1
2024-12-04,Direct,9
2024-12-04,Partner,3
2024-12-05,Organic,35
2024-12-05,Google,20
2024-12-05,LinkedIn,22
2024-12-05,Facebook,10
2024-12-05,Referral,16
2024-12-05,Email,11
2024-12-05,Direct,6
2024-12-05,Partner,9
2024-12-06,Organic,36
2024-12-06,Google,18
2024-12-06,LinkedIn,4
2024-12-06,Facebook,10
2024-12-06,Referral,7
2024-12-06,Email,1
2024-12-06,Direct,4
2024-12-06,Partner,16
2024-12-07,Organic,28
2024-12-07,Google,21
2024-12-07,LinkedIn,2
2024-12-07,Facebook,14
2024-12-07,Referral,20
2024-12-07,Email,6
2024-12-07,Direct,1
2024-12-07,Partner,14
2024-12-08,Organic,36
2024-12-08,Google,26
2024-12-08,LinkedIn,4
2024-12-08,Facebook,16
2024-12-08,Referral,12
2024-12-08,Email,1
2024-12-08,Direct,9
2024-12-08,Partner,14
2024-12-09,Organic,36
2024-12-09,Google,18
2024-12-09,LinkedIn,13
2024-12-09,Facebook,8
2024-12-09,Referral,4
2024-12-09,Email,6
2024-12-09,Direct,9
2024-12-09,Partner,16
2024-12-10,Organic,29
2024-12-10,Google,24
2024-12-10,LinkedIn,4
2024-12-10,Facebook,10
2024-12-10,Referral,6
2024-12-10,Email,9
2024-12-10,Direct,6
2024-12-10,Partner,19
2024-12-11,Organic,36
2024-12-11,Google,21
2024-12-11,LinkedIn,15
2024-12-11,Facebook,10
2024-12-11,Referral,18
2024-12-11,Email,1
2024-12-11,Direct,5
2024-12-11,Partner,22
2024-12-12,Organic,25
2024-12-12,Google,17
2024-12-12,LinkedIn,2
2024-12-12,Facebook,16
2024-12-12,Referral,28
2024-12-12,Email,1
2024-12-12,Direct,7
2024-12-12,Partner,19
2024-12-13,Organic,31
2024-12-13,Google,23
2024-12-13,LinkedIn,26
2024-12-13,Facebook,9
2024-12-13,Referral,20
2024-12-13,Email,2
2024-12-13,Direct,9
2024-12-13,Partner,4
2024-12-14,Organic,33
2024-12-14,Google,26
2024-12-14,LinkedIn,15
2024-12-14,Facebook,8
2024-12-14,Referral,2
2024-12-14,Email,9
2024-12-14,Direct,8
2024-12-14,Partner,4
2024-12-15,Organic,36
2024-12-15,Google,15
2024-12-15,LinkedIn,3
2024-12-15,Facebook,10
2024-12-15,Referral,11
2024-12-15,Email,7
2024-12-15,Direct,0
2024-12-15,Partner,3
2024-12-16,Organic,27
2024-12-16,Google,15
2024-12-16,LinkedIn,4
2024-12-16,Facebook,8
2024-12-16,Referral,4
2024-12-16,Email,15
2024-12-16,Direct,5
2024-12-16,Partner,3
2024-12-17,Organic,28
2024-12-17,Google,21
2024-12-17,LinkedIn,30
2024-12-17,Facebook,10
2024-12-17,Referral,2
2024-12-17,Email,5
2024-12-17,Direct,5
2024-12-17,Partner,3
2024-12-18,Organic,32
2024-12-18,Google,19
2024-12-18,LinkedIn,11
2024-12-18,Facebook,8
2024-12-18,Referral,17
2024-12-18,Email,12
2024-12-18,Direct,1
2024-12-18,Partner,8
2024-12-19,Organic,36
2024-12-19,Google,26
2024-12-19,LinkedIn,13
2024-12-19,Facebook,8
2024-12-19,Referral,11
2024-12-19,Email,16
2024-12-19,Direct,8
2024-12-19,Partner,16
2024-12-20,Organic,37
2024-12-20,Google,10
2024-12-20,LinkedIn,10
2024-12-20,Facebook,14
2024-12-20,Referral,19
2024-12-20,Email,6
2024-12-20,Direct,0
2024-12-20,Partner,3
2024-12-21,Organic,33
2024-12-21,Google,23
2024-12-21,LinkedIn,13
2024-12-21,Facebook,6
2024-12-21,Referral,11
2024-12-21,Email,5
2024-12-21,Direct,12
2024-12-21,Partner,3
2024-12-22,Organic,27
2024-12-22,Google,19
2024-12-22,LinkedIn,40
2024-12-22,Facebook,8
2024-12-22,Referral,14
2024-12-22,Email,2
2024-12-22,Direct,12
2024-12-22,Partner,21
2024-12-23,Organic,43
2024-12-23,Google,19
2024-12-23,LinkedIn,31
2024-12-23,Facebook,9
2024-12-23,Referral,6
2024-12-23,Email,1
2024-12-23,Direct,3
2024-12-23,Partner,3
2024-12-24,Organic,40
2024-12-24,Google,28
2024-12-24,LinkedIn,24
2024-12-24,Facebook,8
2024-12-24,Referral,2
2024-12-24,Email,1
2024-12-24,Direct,10
2024-12-24,Partner,3
2024-12-25,Organic,29
2024-12-25,Google,22
2024-12-25,LinkedIn,12
2024-12-25,Facebook,13
2024-12-25,Referral,8
2024-12-25,Email,3
2024-12-25,Direct,8
2024-12-25,Partner,3
2024-12-26,Organic,30
2024-12-26,Google,26
2024-12-26,LinkedIn,27
2024-12-26,Facebook,13
2024-12-26,Referral,6
2024-12-26,Email,3
2024-12-26,Direct,6
2024-12-26,Partner,14
2024-12-27,Organic,32
2024-12-27,Google,14
2024-12-27,LinkedIn,6
2024-12-27,Facebook,15
2024-12-27,Referral,15
2024-12-27,Email,10
2024-12-27,Direct,10
2024-12-27,Partner,3
2024-12-28,Organic,40
2024-12-28,Google,19
2024-12-28,LinkedIn,3
2024-12-28,Facebook,8
2024-12-28,Referral,16
2024-12-28,Email,3
2024-12-28,Direct,8
2024-12-28,Partner,3
2024-12-29,Organic,36
2024-12-29,Google,19
2024-12-29,LinkedIn,15
2024-12-29,Facebook,10
2024-12-29,Referral,4
2024-12-29,Email,1
2024-12-29,Direct,0
2024-12-29,Partner,4
2024-12-30,Organic,24
2024-12-30,Google,24
2024-12-30,LinkedIn,18
2024-12-30,Facebook,8
2024-12-30,Referral,12
2024-12-30,Email,12
2024-12-30,Direct,5
2024-12-30,Partner,14
2024-12-31,Organic,40
2024-12-31,Google,24
2024-12-31,LinkedIn,22
2024-12-31,Facebook,6
2024-12-31,Referral,25
2024-12-31,Email,3
2024-12-31,Direct,10
2024-12-31,Partner,8
2025-01-01,Organic,38
2025-01-01,Google,21
2025-01-01,LinkedIn,10
2025-01-01,Facebook,11
2025-01-01,Referral,19
2025-01-01,Email,14
2025-01-01,Direct,9
2025-01-01,Partner,3
2025-01-02,Organic,42
2025-01-02,Google,24
2025-01-02,LinkedIn,6
2025-01-02,Facebook,8
2025-01-02,Referral,10
2025-01-02,Email,13
2025-01-02,Direct,3
2025-01-02,Partner,3
2025-01-03,Organic,36
2025-01-03,Google,21
2025-01-03,LinkedIn,2
2025-01-03,Facebook,13
2025-01-03,Referral,15
2025-01-03,Email,6
2025-01-03,Direct,9
2025-01-03,Partner,16
2025-01-04,Organic,33
2025-01-04,Google,18
2025-01-04,LinkedIn,2
2025-01-04,Facebook,13
2025-01-04,Referral,22
2025-01-04,Email,13
2025-01-04,Direct,0
2025-01-04,Partner,29
2025-01-05,Organic,26
2025-01-05,Google,24
2025-01-05,LinkedIn,9
2025-01-05,Facebook,6
2025-01-05,Referral,13
2025-01-05,Email,11
2025-01-05,Direct,1
2025-01-05,Partner,7
2025-01-06,Organic,32
2025-01-06,Google,18
2025-01-06,LinkedIn,17
2025-01-06,Facebook,9
2025-01-06,Referral,21
2025-01-06,Email,10
2025-01-06,Direct,12
2025-01-06,Partner,9
2025-01-07,Organic,32
2025-01-07,Google,21
2025-01-07,LinkedIn,14
2025-01-07,Facebook,9
2025-01-07,Referral,2
2025-01-07,Email,1
2025-01-07,Direct,0
2025-01-07,Partner,3
2025-01-08,Organic,29
2025-01-08,Google,22
2025-01-08,LinkedIn,19
2025-01-08,Facebook,9
2025-01-08,Referral,9
2025-01-08,Email,6
2025-01-08,Direct,5
2025-01-08,Partner,4
2025-01-09,Organic,40
2025-01-09,Google,24
2025-01-09,LinkedIn,6
2025-01-09,Facebook,10
2025-01-09,Referral,15
2025-01-09,Email,1
2025-01-09,Direct,11
2025-01-09,Partner,3
2025-01-10,Organic,28
2025-01-10,Google,23
2025-01-10,LinkedIn,13
2025-01-10,Facebook,18
2025-01-10,Referral,15
2025-01-10,Email,7
2025-01-10,Direct,0
2025-01-10,Partner,9
2025-01-11,Organic,36
2025-01-11,Google,15
2025-01-11,LinkedIn,2
2025-01-11,Facebook,4
2025-01-11,Referral,27
2025-01-11,Email,8
2025-01-11,Direct,0
2025-01-11,Partner,14
2025-01-12,Organic,22
2025-01-12,Google,21
2025-01-12,LinkedIn,9
2025-01-12,Facebook,8
2025-01-12,Referral,14
2025-01-12,Email,8
2025-01-12,Direct,12
2025-01-12,Partner,14
2025-01-13,Organic,25
2025-01-13,Google,21
2025-01-13,LinkedIn,8
2025-01-13,Facebook,8
2025-01-13,Referral,8
2025-01-13,Email,1
2025-01-13,Direct,7
2025-01-13,Partner,3
2025-01-14,Organic,28
2025-01-14,Google,28
2025-01-14,LinkedIn,10
2025-01-14,Facebook,11
2025-01-14,Referral,19
2025-01-14,Email,7
2025-01-14,Direct,1
2025-01-14,Partner,3
2025-01-15,Organic,27
2025-01-15,Google,19
2025-01-15,LinkedIn,28
2025-01-15,Facebook,13
2025-01-15,Referral,7
2025-01-15,Email,16
2025-01-15,Direct,12
2025-01-15,Partner,11
2025-01-16,Organic,42
2025-01-16,Google,18
2025-01-16,LinkedIn,2
2025-01-16,Facebook,9
2025-01-16,Referral,21
2025-01-16,Email,3
2025-01-16,Direct,9
2025-01-16,Partner,11
2025-01-17,Organic,32
2025-01-17,Google,32
2025-01-17,LinkedIn,20
2025-01-17,Facebook,9
2025-01-17,Referral,22
2025-01-17,Email,6
2025-01-17,Direct,3
2025-01-17,Partner,24
2025-01-18,Organic,32
2025-01-18,Google,21
2025-01-18,LinkedIn,10
2025-01-18,Facebook,13
2025-01-18,Referral,18
2025-01-18,Email,1
2025-01-18,Direct,0
2025-01-18,Partner,4
2025-01-19,Organic,38
2025-01-19,Google,14
2025-01-19,LinkedIn,7
2025-01-19,Facebook,13
2025-01-19,Referral,6
2025-01-19,Email,9
2025-01-19,Direct,3
2025-01-19,Partner,3
2025-01-20,Organic,45
2025-01-20,Google,24
2025-01-20,LinkedIn,9
2025-01-20,Facebook,10
2025-01-20,Referral,10
2025-01-20,Email,15
2025-01-20,Direct,2
2025-01-20,Partner,8
2025-01-21,Organic,44
2025-01-21,Google,21
2025-01-21,LinkedIn,31
2025-01-21,Facebook,10
2025-01-21,Referral,12
2025-01-21,Email,3
2025-01-21,Direct,5
2025-01-21,Partner,6
2025-01-22,Organic,41
2025-01-22,Google,28
2025-01-22,LinkedIn,2
2025-01-22,Facebook,8
2025-01-22,Referral,3
2025-01-22,Email,8
2025-01-22,Direct,6
2025-01-22,Partner,4
2025-01-23,Organic,37
2025-01-23,Google,18
2025-01-23,LinkedIn,8
2025-01-23,Facebook,15
2025-01-23,Referral,6
2025-01-23,Email,1
2025-01-23,Direct,7
2025-01-23,Partner,8
2025-01-24,Organic,39
2025-01-24,Google,19
2025-01-24,LinkedIn,4
2025-01-24,Facebook,8
2025-01-24,Referral,11
2025-01-24,Email,9
2025-01-24,Direct,18
2025-01-24,Partner,3
2025-01-25,Organic,36
2025-01-25,Google,17
2025-01-25,LinkedIn,28
2025-01-25,Facebook,7
2025-01-25,Referral,33
2025-01-25,Email,15
2025-01-25,Direct,7
2025-01-25,Partner,11
2025-01-26,Organic,36
2025-01-26,Google,17
2025-01-26,LinkedIn,27
2025-01-26,Facebook,15
2025-01-26,Referral,23
2025-01-26,Email,2
2025-01-26,Direct,5
2025-01-26,Partner,12
2025-01-27,Organic,32
2025-01-27,Google,17
2025-01-27,LinkedIn,9
2025-01-27,Facebook,10
2025-01-27,Referral,4
2025-01-27,Email,1
2025-01-27,Direct,3
2025-01-27,Partner,3
2025-01-28,Organic,36
2025-01-28,Google,21
2025-01-28,LinkedIn,27
2025-01-28,Facebook,12
2025-01-28,Referral,21
2025-01-28,Email,4
2025-01-28,Direct,7
2025-01-28,Partner,24
2025-01-29,Organic,32
2025-01-29,Google,26
2025-01-29,LinkedIn,18
2025-01-29,Facebook,8
2025-01-29,Referral,8
2025-01-29,Email,5
2025-01-29,Direct,7
2025-01-29,Partner,24
2025-01-30,Organic,36
2025-01-30,Google,18
2025-01-30,LinkedIn,2
2025-01-30,Facebook,14
2025-01-30,Referral,10
2025-01-30,Email,7
2025-01-30,Direct,12
2025-01-30,Partner,3
2025-01-31,Organic,41
2025-01-31,Google,13
2025-01-31,LinkedIn,11
2025-01-31,Facebook,7
2025-01-31,Referral,15
2025-01-31,Email,3
2025-01-31,Direct,9
2025-01-31,Partner,23
2025-02-01,Organic,36
2025-02-01,Google,18
2025-02-01,LinkedIn,18
2025-02-01,Facebook,10
2025-02-01,Referral,8
2025-02-01,Email,2
2025-02-01,Direct,9
2025-02-01,Partner,3
2025-02-02,Organic,28
2025-02-02,Google,19
2025-02-02,LinkedIn,9
2025-02-02,Facebook,9
2025-02-02,Referral,5
2025-02-02,Email,1
2025-02-02,Direct,3
2025-02-02,Partner,3
2025-02-03,Organic,43
2025-02-03,Google,27
2025-02-03,LinkedIn,22
2025-02-03,Facebook,9
2025-02-03,Referral,19
2025-02-03,Email,10
2025-02-03,Direct,4
2025-02-03,Partner,3
2025-02-04,Organic,31
2025-02-04,Google,21
2025-02-04,LinkedIn,4
2025-02-04,Facebook,7
2025-02-04,Referral,20
2025-02-04,Email,8
2025-02-04,Direct,6
2025-02-04,Partner,3
2025-02-05,Organic,33
2025-02-05,Google,26
2025-02-05,LinkedIn,13
2025-02-05,Facebook,7
2025-02-05,Referral,20
2025-02-05,Email,12
2025-02-05,Direct,2
2025-02-05,Partner,3
2025-02-06,Organic,32
2025-02-06,Google,19
2025-02-06,LinkedIn,13
2025-02-06,Facebook,10
2025-02-06,Referral,6
2025-02-06,Email,17
2025-02-06,Direct,9
2025-02-06,Partner,9
2025-02-07,Organic,36
2025-02-07,Google,17
2025-02-07,LinkedIn,14
2025-02-07,Facebook,6
2025-02-07,Referral,18
2025-02-07,Email,6
2025-02-07,Direct,6
2025-02-07,Partner,32
2025-02-08,Organic,40
2025-02-08,Google,15
2025-02-08,LinkedIn,23
2025-02-08,Facebook,10
2025-02-08,Referral,3
2025-02-08,Email,1
2025-02-08,Direct,0
2025-02-08,Partner,13
2025-02-09,Organic,28
2025-02-09,Google,25
2025-02-09,LinkedIn,17
2025-02-09,Facebook,11
2025-02-09,Referral,12
2025-02-09,Email,4
2025-02-09,Direct,5
2025-02-09,Partner,9
2025-02-10,Organic,36
2025-02-10,Google,25
2025-02-10,LinkedIn,4
2025-02-10,Facebook,18
2025-02-10,Referral,26
2025-02-10,Email,9
2025-02-10,Direct,6
2025-02-10,Partner,16
2025-02-11,Organic,38
2025-02-11,Google,19
2025-02-11,LinkedIn,5
2025-02-11,Facebook,5
2025-02-11,Referral,10
2025-02-11,Email,1
2025-02-11,Direct,9
2025-02-11,Partner,22
2025-02-12,Organic,34
2025-02-12,Google,13
2025-02-12,LinkedIn,5
2025-02-12,Facebook,13
2025-02-12,Referral,2
2025-02-12,Email,18
2025-02-12,Direct,7
2025-02-12,Partner,19
2025-02-13,Organic,35
2025-02-13,Google,23
2025-02-13,LinkedIn,10
2025-02-13,Facebook,4
2025-02-13,Referral,17
2025-02-13,Email,1
2025-02-13,Direct,1
2025-02-13,Partner,19
2025-02-14,Organic,24
2025-02-14,Google,34
2025-02-14,LinkedIn,25
2025-02-14,Facebook,13
2025-02-14,Referral,2
2025-02-14,Email,1
2025-02-14,Direct,4
2025-02-14,Partner,17
2025-02-15,Organic,40
2025-02-15,Google,31
2025-02-15,LinkedIn,9
2025-02-15,Facebook,10
2025-02-15,Referral,10
2025-02-15,Email,2
2025-02-15,Direct,5
2025-02-15,Partner,14
2025-02-16,Organic,29
2025-02-16,Google,22
2025-02-16,LinkedIn,3
2025-02-16,Facebook,3
2025-02-16,Referral,2
2025-02-16,Email,1
2025-02-16,Direct,6
2025-02-16,Partner,3
2025-02-17,Organic,39
2025-02-17,Google,20
2025-02-17,LinkedIn,2
2025-02-17,Facebook,6
2025-02-17,Referral,7
2025-02-17,Email,6
2025-02-17,Direct,8
2025-02-17,Partner,14
2025-02-18,Organic,28
2025-02-18,Google,19
2025-02-18,LinkedIn,20
2025-02-18,Facebook,4
2025-02-18,Referral,8
2025-02-18,Email,9
2025-02-18,Direct,5
2025-02-18,Partner,6
2025-02-19,Organic,28
2025-02-19,Google,23
2025-02-19,LinkedIn,14
2025-02-19,Facebook,13
2025-02-19,Referral,2
2025-02-19,Email,1
2025-02-19,Direct,1
2025-02-19,Partner,3
2025-02-20,Organic,24
2025-02-20,Google,24
2025-02-20,LinkedIn,4
2025-02-20,Facebook,6
2025-02-20,Referral,3
2025-02-20,Email,3
2025-02-20,Direct,0
2025-02-20,Partner,3
2025-02-21,Organic,41
2025-02-21,Google,24
2025-02-21,LinkedIn,5
2025-02-21,Facebook,11
2025-02-21,Referral,2
2025-02-21,Email,11
2025-02-21,Direct,2
2025-02-21,Partner,7
2025-02-22,Organic,29
2025-02-22,Google,17
2025-02-22,LinkedIn,8
2025-02-22,Facebook,6
2025-02-22,Referral,19
2025-02-22,Email,12
2025-02-22,Direct,3
2025-02-22,Partner,3
2025-02-23,Organic,32
2025-02-23,Google,23
2025-02-23,LinkedIn,2
2025-02-23,Facebook,5
2025-02-23,Referral,25
2025-02-23,Email,1
2025-02-23,Direct,0
2025-02-23,Partner,3
2025-02-24,Organic,33
2025-02-24,Google,28
2025-02-24,LinkedIn,21
2025-02-24,Facebook,10
2025-02-24,Referral,17
2025-02-24,Email,3
2025-02-24,Direct,9
2025-02-24,Partner,4
2025-02-25,Organic,39
2025-02-25,Google,12
2025-02-25,LinkedIn,27
2025-02-25,Facebook,5
2025-02-25,Referral,6
2025-02-25,Email,9
2025-02-25,Direct,11
2025-02-25,Partner,18
2025-02-26,Organic,32
2025-02-26,Google,18
2025-02-26,LinkedIn,10
2025-02-26,Facebook,10
2025-02-26,Referral,3
2025-02-26,Email,1
2025-02-26,Direct,0
2025-02-26,Partner,9
2025-02-27,Organic,28
2025-02-27,Google,24
2025-02-27,LinkedIn,13
2025-02-27,Facebook,10
2025-02-27,Referral,8
2025-02-27,Email,7
2025-02-27,Direct,9
2025-02-27,Partner,17
2025-02-28,Organic,43
2025-02-28,Google,23
2025-02-28,LinkedIn,5
2025-02-28,Facebook,6
2025-02-28,Referral,2
2025-02-28,Email,8
2025-02-28,Direct,8
2025-02-28,Partner,4
2025-03-01,Organic,36
2025-03-01,Google,21
2025-03-01,LinkedIn,31
2025-03-01,Facebook,15
2025-03-01,Referral,20
2025-03-01,Email,21
2025-03-01,Direct,12
2025-03-01,Partner,4
2025-03-02,Organic,21
2025-03-02,Google,14
2025-03-02,LinkedIn,17
2025-03-02,Facebook,6
2025-03-02,Referral,2
2025-03-02,Email,22
2025-03-02,Direct,10
2025-03-02,Partner,9
2025-03-03,Organic,36
2025-03-03,Google,27
2025-03-03,LinkedIn,5
2025-03-03,Facebook,16
2025-03-03,Referral,16
2025-03-03,Email,16
2025-03-03,Direct,3
2025-03-03,Partner,4
2025-03-04,Organic,24
2025-03-04,Google,15
2025-03-04,LinkedIn,22
2025-03-04,Facebook,4
2025-03-04,Referral,11
2025-03-04,Email,1
2025-03-04,Direct,10
2025-03-04,Partner,19
2025-03-05,Organic,45
2025-03-05,Google,20
2025-03-05,LinkedIn,14
2025-03-05,Facebook,4
2025-03-05,Referral,8
2025-03-05,Email,3
2025-03-05,Direct,12
2025-03-05,Partner,19
2025-03-06,Organic,29
2025-03-06,Google,20
2025-03-06,LinkedIn,26
2025-03-06,Facebook,9
2025-03-06,Referral,2
2025-03-06,Email,18
2025-03-06,Direct,0
2025-03-06,Partner,4
2025-03-07,Organic,27
2025-03-07,Google,34
2025-03-07,LinkedIn,11
2025-03-07,Facebook,12
2025-03-07,Referral,21
2025-03-07,Email,3
2025-03-07,Direct,7
2025-03-07,Partner,3
2025-03-08,Organic,25
2025-03-08,Google,21
2025-03-08,LinkedIn,4
2025-03-08,Facebook,10
2025-03-08,Referral,13
2025-03-08,Email,5
2025-03-08,Direct,6
2025-03-08,Partner,3
2025-03-09,Organic,44
2025-03-09,Google,23
2025-03-09,LinkedIn,29
2025-03-09,Facebook,10
2025-03-09,Referral,3
2025-03-09,Email,3
2025-03-09,Direct,6
2025-03-09,Partner,3
2025-03-10,Organic,32
2025-03-10,Google,18
2025-03-10,LinkedIn,18
2025-03-10,Facebook,10
2025-03-10,Referral,20
2025-03-10,Email,3
2025-03-10,Direct,5
2025-03-10,Partner,3
2025-03-11,Organic,40
2025-03-11,Google,28
2025-03-11,LinkedIn,2
2025-03-11,Facebook,8
2025-03-11,Referral,19
2025-03-11,Email,8
2025-03-11,Direct,10
2025-03-11,Partner,15
2025-03-12,Organic,26
2025-03-12,Google,21
2025-03-12,LinkedIn,23
2025-03-12,Facebook,6
2025-03-12,Referral,14
2025-03-12,Email,1
2025-03-12,Direct,0
2025-03-12,Partner,12
2025-03-13,Organic,36
2025-03-13,Google,17
2025-03-13,LinkedIn,32
2025-03-13,Facebook,10
2025-03-13,Referral,11
2025-03-13,Email,1
2025-03-13,Direct,4
2025-03-13,Partner,25
2025-03-14,Organic,28
2025-03-14,Google,13
2025-03-14,LinkedIn,4
2025-03-14,Facebook,10
2025-03-14,Referral,6
2025-03-14,Email,11
2025-03-14,Direct,0
2025-03-14,Partner,12
2025-03-15,Organic,40
2025-03-15,Google,21
2025-03-15,LinkedIn,15
2025-03-15,Facebook,8
2025-03-15,Referral,15
2025-03-15,Email,9
2025-03-15,Direct,0
2025-03-15,Partner,3
2025-03-16,Organic,38
2025-03-16,Google,23
2025-03-16,LinkedIn,23
2025-03-16,Facebook,8
2025-03-16,Referral,4
2025-03-16,Email,1
2025-03-16,Direct,12
2025-03-16,Partner,3
2025-03-17,Organic,37
2025-03-17,Google,20
2025-03-17,LinkedIn,31
2025-03-17,Facebook,11
2025-03-17,Referral,11
2025-03-17,Email,1
2025-03-17,Direct,5
2025-03-17,Partner,21
2025-03-18,Organic,36
2025-03-18,Google,24
2025-03-18,LinkedIn,12
2025-03-18,Facebook,8
2025-03-18,Referral,14
2025-03-18,Email,13
2025-03-18,Direct,5
2025-03-18,Partner,3
2025-03-19,Organic,37
2025-03-19,Google,24
2025-03-19,LinkedIn,9
2025-03-19,Facebook,5
2025-03-19,Referral,25
2025-03-19,Email,11
2025-03-19,Direct,6
2025-03-19,Partner,4
2025-03-20,Organic,31
2025-03-20,Google,14
2025-03-20,LinkedIn,13
2025-03-20,Facebook,9
2025-03-20,Referral,22
2025-03-20,Email,5
2025-03-20,Direct,3
2025-03-20,Partner,19
2025-03-21,Organic,28
2025-03-21,Google,30
2025-03-21,LinkedIn,9
2025-03-21,Facebook,13
2025-03-21,Referral,7
2025-03-21,Email,9
2025-03-21,Direct,11
2025-03-21,Partner,4
2025-03-22,Organic,45
2025-03-22,Google,30
2025-03-22,LinkedIn,26
2025-03-22,Facebook,8
2025-03-22,Referral,11
2025-03-22,Email,7
2025-03-22,Direct,12
2025-03-22,Partner,3
2025-03-23,Organic,37
2025-03-23,Google,17
2025-03-23,LinkedIn,26
2025-03-23,Facebook,10
2025-03-23,Referral,10
2025-03-23,Email,1
2025-03-23,Direct,10
2025-03-23,Partner,9
2025-03-24,Organic,25
2025-03-24,Google,21
2025-03-24,LinkedIn,26
2025-03-24,Facebook,12
2025-03-24,Referral,17
2025-03-24,Email,4
2025-03-24,Direct,3
2025-03-24,Partner,24
2025-03-25,Organic,24
2025-03-25,Google,24
2025-03-25,LinkedIn,11
2025-03-25,Facebook,10
2025-03-25,Referral,6
2025-03-25,Email,1
2025-03-25,Direct,11
2025-03-25,Partner,3
2025-03-26,Organic,36
2025-03-26,Google,30
2025-03-26,LinkedIn,9
2025-03-26,Facebook,13
2025-03-26,Referral,11
2025-03-26,Email,1
2025-03-26,Direct,7
2025-03-26,Partner,3
2025-03-27,Organic,35
2025-03-27,Google,19
2025-03-27,LinkedIn,16
2025-03-27,Facebook,10
2025-03-27,Referral,11
2025-03-27,Email,12
2025-03-27,Direct,6
2025-03-27,Partner,3
2025-03-28,Organic,37
2025-03-28,Google,16
2025-03-28,LinkedIn,18
2025-03-28,Facebook,8
2025-03-28,Referral,28
2025-03-28,Email,6
2025-03-28,Direct,2
2025-03-28,Partner,5
2025-03-29,Organic,38
2025-03-29,Google,24
2025-03-29,LinkedIn,2
2025-03-29,Facebook,2
2025-03-29,Referral,8
2025-03-29,Email,11
2025-03-29,Direct,5
2025-03-29,Partner,3
2025-03-30,Organic,34
2025-03-30,Google,21
2025-03-30,LinkedIn,20
2025-03-30,Facebook,6
2025-03-30,Referral,9
2025-03-30,Email,15
2025-03-30,Direct,3
2025-03-30,Partner,3
2025-03-31,Organic,34
2025-03-31,Google,13
2025-03-31,LinkedIn,22
2025-03-31,Facebook,5
2025-03-31,Referral,19
2025-03-31,Email,9
2025-03-31,Direct,10
2025-03-31,Partner,3
2025-04-01,Organic,36
2025-04-01,Google,25
2025-04-01,LinkedIn,19
2025-04-01,Facebook,6
2025-04-01,Referral,11
2025-04-01,Email,6
2025-04-01,Direct,5
2025-04-01,Partner,7
2025-04-02,Organic,33
2025-04-02,Google,31
2025-04-02,LinkedIn,9
2025-04-02,Facebook,9
2025-04-02,Referral,9
2025-04-02,Email,3
2025-04-02,Direct,7
2025-04-02,Partner,3
2025-04-03,Organic,36
2025-04-03,Google,19
2025-04-03,LinkedIn,22
2025-04-03,Facebook,12
2025-04-03,Referral,9
2025-04-03,Email,1
2025-04-03,Direct,8
2025-04-03,Partner,9
2025-04-04,Organic,32
2025-04-04,Google,23
2025-04-04,LinkedIn,30
2025-04-04,Facebook,6
2025-04-04,Referral,12
2025-04-04,Email,1
2025-04-04,Direct,12
2025-04-04,Partner,3
2025-04-05,Organic,36
2025-04-05,Google,15
2025-04-05,LinkedIn,4
2025-04-05,Facebook,13
2025-04-05,Referral,12
2025-04-05,Email,15
2025-04-05,Direct,2
2025-04-05,Partner,3
2025-04-06,Organic,34
2025-04-06,Google,21
2025-04-06,LinkedIn,4
2025-04-06,Facebook,9
2025-04-06,Referral,10
2025-04-06,Email,3
2025-04-06,Direct,10
2025-04-06,Partner,3
2025-04-07,Organic,33
2025-04-07,Google,26
2025-04-07,LinkedIn,4
2025-04-07,Facebook,8
2025-04-07,Referral,3
2025-04-07,Email,15
2025-04-07,Direct,2
2025-04-07,Partner,3
2025-04-08,Organic,30
2025-04-08,Google,28
2025-04-08,LinkedIn,2
2025-04-08,Facebook,13
2025-04-08,Referral,16
2025-04-08,Email,11
2025-04-08,Direct,0
2025-04-08,Partner,24
2025-04-09,Organic,36
2025-04-09,Google,18
2025-04-09,LinkedIn,18
2025-04-09,Facebook,8
2025-04-09,Referral,2
2025-04-09,Email,2
2025-04-09,Direct,2
2025-04-09,Partner,3
2025-04-10,Organic,29
2025-04-10,Google,21
2025-04-10,LinkedIn,19
2025-04-10,Facebook,5
2025-04-10,Referral,16
2025-04-10,Email,1
2025-04-10,Direct,6
2025-04-10,Partner,7
2025-04-11,Organic,35
2025-04-11,Google,20
2025-04-11,LinkedIn,3
2025-04-11,Facebook,11
2025-04-11,Referral,19
2025-04-11,Email,2
2025-04-11,Direct,2
2025-04-11,Partner,11
2025-04-12,Organic,36
2025-04-12,Google,15
2025-04-12,LinkedIn,10
2025-04-12,Facebook,8
2025-04-12,Referral,13
2025-04-12,Email,1
2025-04-12,Direct,0
2025-04-12,Partner,3
2025-04-13,Organic,40
2025-04-13,Google,24
2025-04-13,LinkedIn,40
2025-04-13,Facebook,8
2025-04-13,Referral,13
2025-04-13,Email,9
2025-04-13,Direct,7
2025-04-13,Partner,15
2025-04-14,Organic,35
2025-04-14,Google,17
2025-04-14,LinkedIn,2
2025-04-14,Facebook,10
2025-04-14,Referral,10
2025-04-14,Email,2
2025-04-14,Direct,5
2025-04-14,Partner,20
2025-04-15,Organic,36
2025-04-15,Google,24
2025-04-15,LinkedIn,27
2025-04-15,Facebook,4
2025-04-15,Referral,17
2025-04-15,Email,11
2025-04-15,Direct,0
2025-04-15,Partner,4
2025-04-16,Organic,24
2025-04-16,Google,18
2025-04-16,LinkedIn,8
2025-04-16,Facebook,7
2025-04-16,Referral,2
2025-04-16,Email,6
2025-04-16,Direct,5
2025-04-16,Partner,9
2025-04-17,Organic,40
2025-04-17,Google,24
2025-04-17,LinkedIn,2
2025-04-17,Facebook,10
2025-04-17,Referral,3
2025-04-17,Email,4
2025-04-17,Direct,6
2025-04-17,Partner,3
2025-04-18,Organic,40
2025-04-18,Google,28
2025-04-18,LinkedIn,2
2025-04-18,Facebook,5
2025-04-18,Referral,26
2025-04-18,Email,4
2025-04-18,Direct,0
2025-04-18,Partner,7
2025-04-19,Organic,40
2025-04-19,Google,21
2025-04-19,LinkedIn,8
2025-04-19,Facebook,4
2025-04-19,Referral,9
2025-04-19,Email,1
2025-04-19,Direct,3
2025-04-19,Partner,31
2025-04-20,Organic,28
2025-04-20,Google,17
2025-04-20,LinkedIn,17
2025-04-20,Facebook,8
2025-04-20,Referral,4
2025-04-20,Email,7
2025-04-20,Direct,6
2025-04-20,Partner,14
2025-04-21,Organic,36
2025-04-21,Google,28
2025-04-21,LinkedIn,24
2025-04-21,Facebook,13
2025-04-21,Referral,7
2025-04-21,Email,6
2025-04-21,Direct,10
2025-04-21,Partner,3
2025-04-22,Organic,36
2025-04-22,Google,21
2025-04-22,LinkedIn,16
2025-04-22,Facebook,9
2025-04-22,Referral,15
2025-04-22,Email,1
2025-04-22,Direct,6
2025-04-22,Partner,6
2025-04-23,Organic,36
2025-04-23,Google,18
2025-04-23,LinkedIn,18
2025-04-23,Facebook,8
2025-04-23,Referral,19
2025-04-23,Email,7
2025-04-23,Direct,2
2025-04-23,Partner,5
2025-04-24,Organic,36
2025-04-24,Google,18
2025-04-24,LinkedIn,17
2025-04-24,Facebook,10
2025-04-24,Referral,10
2025-04-24,Email,5
2025-04-24,Direct,10
2025-04-24,Partner,9
2025-04-25,Organic,28
2025-04-25,Google,14
2025-04-25,LinkedIn,11
2025-04-25,Facebook,18
2025-04-25,Referral,8
2025-04-25,Email,6
2025-04-25,Direct,3
2025-04-25,Partner,9
2025-04-26,Organic,36
2025-04-26,Google,20
2025-04-26,LinkedIn,16
2025-04-26,Facebook,10
2025-04-26,Referral,3
2025-04-26,Email,3
2025-04-26,Direct,10
2025-04-26,Partner,17
2025-04-27,Organic,34
2025-04-27,Google,21
2025-04-27,LinkedIn,6
2025-04-27,Facebook,6
2025-04-27,Referral,2
2025-04-27,Email,2
2025-04-27,Direct,4
2025-04-27,Partner,3
2025-04-28,Organic,34
2025-04-28,Google,21
2025-04-28,LinkedIn,24
2025-04-28,Facebook,2
2025-04-28,Referral,4
2025-04-28,Email,1
2025-04-28,Direct,5
2025-04-28,Partner,3
2025-04-29,Organic,30
2025-04-29,Google,21
2025-04-29,LinkedIn,20
2025-04-29,Facebook,2
2025-04-29,Referral,12
2025-04-29,Email,11
2025-04-29,Direct,10
2025-04-29,Partner,11
2025-04-30,Organic,36
2025-04-30,Google,31
2025-04-30,LinkedIn,13
2025-04-30,Facebook,8
2025-04-30,Referral,8
2025-04-30,Email,6
2025-04-30,Direct,4
2025-04-30,Partner,6
2025-05-01,Organic,46
2025-05-01,Google,21
2025-05-01,LinkedIn,18
2025-05-01,Facebook,8
2025-05-01,Referral,15
2025-05-01,Email,14
2025-05-01,Direct,12
2025-05-01,Partner,3
2025-05-02,Organic,48
2025-05-02,Google,24
2025-05-02,LinkedIn,10
2025-05-02,Facebook,8
2025-05-02,Referral,8
2025-05-02,Email,7
2025-05-02,Direct,10
2025-05-02,Partner,10
2025-05-03,Organic,30
2025-05-03,Google,19
2025-05-03,LinkedIn,25
2025-05-03,Facebook,5
2025-05-03,Referral,12
2025-05-03,Email,2
2025-05-03,Direct,3
2025-05-03,Partner,9
2025-05-04,Organic,29
2025-05-04,Google,16
2025-05-04,LinkedIn,29
2025-05-04,Facebook,17
2025-05-04,Referral,2
2025-05-04,Email,1
2025-05-04,Direct,6
2025-05-04,Partner,14
2025-05-05,Organic,35
2025-05-05,Google,24
2025-05-05,LinkedIn,13
2025-05-05,Facebook,8
2025-05-05,Referral,21
2025-05-05,Email,3
2025-05-05,Direct,10
2025-05-05,Partner,12
2025-05-06,Organic,24
2025-05-06,Google,20
2025-05-06,LinkedIn,22
2025-05-06,Facebook,15
2025-05-06,Referral,10
2025-05-06,Email,6
2025-05-06,Direct,5
2025-05-06,Partner,10
2025-05-07,Organic,24
2025-05-07,Google,18
2025-05-07,LinkedIn,10
2025-05-07,Facebook,12
2025-05-07,Referral,17
2025-05-07,Email,5
2025-05-07,Direct,2
2025-05-07,Partner,9
2025-05-08,Organic,28
2025-05-08,Google,18
2025-05-08,LinkedIn,13
2025-05-08,Facebook,8
2025-05-08,Referral,2
2025-05-08,Email,1
2025-05-08,Direct,14
2025-05-08,Partner,15
2025-05-09,Organic,35
2025-05-09,Google,17
2025-05-09,LinkedIn,25
2025-05-09,Facebook,10
2025-05-09,Referral,19
2025-05-09,Email,11
2025-05-09,Direct,0
2025-05-09,Partner,19
2025-05-10,Organic,32
2025-05-10,Google,16
2025-05-10,LinkedIn,12
2025-05-10,Facebook,8
2025-05-10,Referral,22
2025-05-10,Email,2
2025-05-10,Direct,9
2025-05-10,Partner,9
2025-05-11,Organic,28
2025-05-11,Google,19
2025-05-11,LinkedIn,7
2025-05-11,Facebook,10
2025-05-11,Referral,2
2025-05-11,Email,1
2025-05-11,Direct,9
2025-05-11,Partner,3
2025-05-12,Organic,36
2025-05-12,Google,18
2025-05-12,LinkedIn,16
2025-05-12,Facebook,9
2025-05-12,Referral,25
2025-05-12,Email,7
2025-05-12,Direct,10
2025-05-12,Partner,3
2025-05-13,Organic,43
2025-05-13,Google,17
2025-05-13,LinkedIn,13
2025-05-13,Facebook,4
2025-05-13,Referral,2
2025-05-13,Email,15
2025-05-13,Direct,10
2025-05-13,Partner,3
2025-05-14,Organic,24
2025-05-14,Google,25
2025-05-14,LinkedIn,24
2025-05-14,Facebook,13
2025-05-14,Referral,7
2025-05-14,Email,7
2025-05-14,Direct,2
2025-05-14,Partner,16
2025-05-15,Organic,27
2025-05-15,Google,21
2025-05-15,LinkedIn,25
2025-05-15,Facebook,8
2025-05-15,Referral,23
2025-05-15,Email,1
2025-05-15,Direct,0
2025-05-15,Partner,8
2025-05-16,Organic,36
2025-05-16,Google,24
2025-05-16,LinkedIn,13
2025-05-16,Facebook,13
2025-05-16,Referral,28
2025-05-16,Email,1
2025-05-16,Direct,1
2025-05-16,Partner,3
2025-05-17,Organic,41
2025-05-17,Google,24
2025-05-17,LinkedIn,13
2025-05-17,Facebook,8
2025-05-17,Referral,2
2025-05-17,Email,7
2025-05-17,Direct,5
2025-05-17,Partner,9
2025-05-18,Organic,28
2025-05-18,Google,21
2025-05-18,LinkedIn,17
2025-05-18,Facebook,10
2025-05-18,Referral,18
2025-05-18,Email,2
2025-05-18,Direct,11
2025-05-18,Partner,4
2025-05-19,Organic,48
2025-05-19,Google,24
2025-05-19,LinkedIn,2
2025-05-19,Facebook,8
2025-05-19,Referral,25
2025-05-19,Email,1
2025-05-19,Direct,6
2025-05-19,Partner,14
2025-05-20,Organic,44
2025-05-20,Google,21
2025-05-20,LinkedIn,12
2025-05-20,Facebook,6
2025-05-20,Referral,2
2025-05-20,Email,12
2025-05-20,Direct,2
2025-05-20,Partner,4
2025-05-21,Organic,37
2025-05-21,Google,17
2025-05-21,LinkedIn,2
2025-05-21,Facebook,10
2025-05-21,Referral,2
2025-05-21,Email,11
2025-05-21,Direct,5
2025-05-21,Partner,7
2025-05-22,Organic,28
2025-05-22,Google,17
2025-05-22,LinkedIn,7
2025-05-22,Facebook,5
2025-05-22,Referral,14
2025-05-22,Email,1
2025-05-22,Direct,10
2025-05-22,Partner,14
2025-05-23,Organic,32
2025-05-23,Google,12
2025-05-23,LinkedIn,13
2025-05-23,Facebook,13
2025-05-23,Referral,8
2025-05-23,Email,1
2025-05-23,Direct,3
2025-05-23,Partner,15
2025-05-24,Organic,33
2025-05-24,Google,31
2025-05-24,LinkedIn,2
2025-05-24,Facebook,10
2025-05-24,Referral,15
2025-05-24,Email,17
2025-05-24,Direct,1
2025-05-24,Partner,3
2025-05-25,Organic,40
2025-05-25,Google,23
2025-05-25,LinkedIn,5
2025-05-25,Facebook,8
2025-05-25,Referral,19
2025-05-25,Email,9
2025-05-25,Direct,5
2025-05-25,Partner,9
2025-05-26,Organic,40
2025-05-26,Google,9
2025-05-26,LinkedIn,17
2025-05-26,Facebook,9
2025-05-26,Referral,10
2025-05-26,Email,9
2025-05-26,Direct,5
2025-05-26,Partner,9
2025-05-27,Organic,38
2025-05-27,Google,28
2025-05-27,LinkedIn,11
2025-05-27,Facebook,13
2025-05-27,Referral,3
2025-05-27,Email,1
2025-05-27,Direct,12
2025-05-27,Partner,20
2025-05-28,Organic,33
2025-05-28,Google,17
2025-05-28,LinkedIn,23
2025-05-28,Facebook,17
2025-05-28,Referral,15
2025-05-28,Email,8
2025-05-28,Direct,10
2025-05-28,Partner,11
2025-05-29,Organic,33
2025-05-29,Google,13
2025-05-29,LinkedIn,13
2025-05-29,Facebook,7
2025-05-29,Referral,16
2025-05-29,Email,1
2025-05-29,Direct,0
2025-05-29,Partner,18
2025-05-30,Organic,38
2025-05-30,Google,20
2025-05-30,LinkedIn,12
2025-05-30,Facebook,8
2025-05-30,Referral,13
2025-05-30,Email,1
2025-05-30,Direct,15
2025-05-30,Partner,7
2025-05-31,Organic,40
2025-05-31,Google,17
2025-05-31,LinkedIn,13
2025-05-31,Facebook,13
2025-05-31,Referral,8
2025-05-31,Email,11
2025-05-31,Direct,18
2025-05-31,Partner,3
2025-06-01,Organic,36
2025-06-01,Google,14
2025-06-01,LinkedIn,17
2025-06-01,Facebook,16
2025-06-01,Referral,12
2025-06-01,Email,8
2025-06-01,Direct,2
2025-06-01,Partner,3
2025-06-02,Organic,28
2025-06-02,Google,24
2025-06-02,LinkedIn,17
2025-06-02,Facebook,17
2025-06-02,Referral,19
2025-06-02,Email,6
2025-06-02,Direct,6
2025-06-02,Partner,3
2025-06-03,Organic,39
2025-06-03,Google,16
2025-06-03,LinkedIn,10
2025-06-03,Facebook,12
2025-06-03,Referral,8
2025-06-03,Email,1
2025-06-03,Direct,9
2025-06-03,Partner,14
2025-06-04,Organic,29
2025-06-04,Google,25
2025-06-04,LinkedIn,9
2025-06-04,Facebook,8
2025-06-04,Referral,17
2025-06-04,Email,15
2025-06-04,Direct,0
2025-06-04,Partner,11
2025-06-05,Organic,28
2025-06-05,Google,28
2025-06-05,LinkedIn,12
2025-06-05,Facebook,9
2025-06-05,Referral,20
2025-06-05,Email,8
2025-06-05,Direct,6
2025-06-05,Partner,7
2025-06-06,Organic,47
2025-06-06,Google,25
2025-06-06,LinkedIn,9
2025-06-06,Facebook,11
2025-06-06,Referral,21
2025-06-06,Email,1
2025-06-06,Direct,4
2025-06-06,Partner,3
2025-06-07,Organic,31
2025-06-07,Google,11
2025-06-07,LinkedIn,30
2025-06-07,Facebook,10
2025-06-07,Referral,25
2025-06-07,Email,4
2025-06-07,Direct,5
2025-06-07,Partner,19
2025-06-08,Organic,36
2025-06-08,Google,15
2025-06-08,LinkedIn,22
2025-06-08,Facebook,11
2025-06-08,Referral,7
2025-06-08,Email,3
2025-06-08,Direct,10
2025-06-08,Partner,7
2025-06-09,Organic,40
2025-06-09,Google,25
2025-06-09,LinkedIn,18
2025-06-09,Facebook,3
2025-06-09,Referral,7
2025-06-09,Email,1
2025-06-09,Direct,12
2025-06-09,Partner,3
2025-06-10,Organic,26
2025-06-10,Google,24
2025-06-10,LinkedIn,27
2025-06-10,Facebook,10
2025-06-10,Referral,15
2025-06-10,Email,3
2025-06-10,Direct,14
2025-06-10,Partner,9
2025-06-11,Organic,35
2025-06-11,Google,19
2025-06-11,LinkedIn,9
2025-06-11,Facebook,5
2025-06-11,Referral,24
2025-06-11,Email,12
2025-06-11,Direct,5
2025-06-11,Partner,38
2025-06-12,Organic,40
2025-06-12,Google,21
2025-06-12,LinkedIn,2
2025-06-12,Facebook,8
2025-06-12,Referral,4
2025-06-12,Email,11
2025-06-12,Direct,2
2025-06-12,Partner,4
2025-06-13,Organic,21
2025-06-13,Google,21
2025-06-13,LinkedIn,19
2025-06-13,Facebook,10
2025-06-13,Referral,3
2025-06-13,Email,8
2025-06-13,Direct,0
2025-06-13,Partner,18
2025-06-14,Organic,32
2025-06-14,Google,18
2025-06-14,LinkedIn,12
2025-06-14,Facebook,8
2025-06-14,Referral,17
2025-06-14,Email,3
2025-06-14,Direct,9
2025-06-14,Partner,10
2025-06-15,Organic,20
2025-06-15,Google,26
2025-06-15,LinkedIn,22
2025-06-15,Facebook,4
2025-06-15,Referral,11
2025-06-15,Email,7
2025-06-15,Direct,10
2025-06-15,Partner,4
2025-06-16,Organic,28
2025-06-16,Google,12
2025-06-16,LinkedIn,2
2025-06-16,Facebook,16
2025-06-16,Referral,8
2025-06-16,Email,9
2025-06-16,Direct,5
2025-06-16,Partner,3
2025-06-17,Organic,44
2025-06-17,Google,17
2025-06-17,LinkedIn,20
2025-06-17,Facebook,12
2025-06-17,Referral,11
2025-06-17,Email,7
2025-06-17,Direct,6
2025-06-17,Partner,23
2025-06-18,Organic,33
2025-06-18,Google,23
2025-06-18,LinkedIn,5
2025-06-18,Facebook,9
2025-06-18,Referral,12
2025-06-18,Email,2
2025-06-18,Direct,6
2025-06-18,Partner,26
2025-06-19,Organic,38
2025-06-19,Google,19
2025-06-19,LinkedIn,18
2025-06-19,Facebook,10
2025-06-19,Referral,6
2025-06-19,Email,4
2025-06-19,Direct,3
2025-06-19,Partner,21
2025-06-20,Organic,37
2025-06-20,Google,22
2025-06-20,LinkedIn,2
2025-06-20,Facebook,8
2025-06-20,Referral,4
2025-06-20,Email,5
2025-06-20,Direct,2
2025-06-20,Partner,4
2025-06-21,Organic,40
2025-06-21,Google,17
2025-06-21,LinkedIn,2
2025-06-21,Facebook,7
2025-06-21,Referral,15
2025-06-21,Email,2
2025-06-21,Direct,10
2025-06-21,Partner,9
2025-06-22,Organic,40
2025-06-22,Google,20
2025-06-22,LinkedIn,17
2025-06-22,Facebook,13
2025-06-22,Referral,2
2025-06-22,Email,6
2025-06-22,Direct,8
2025-06-22,Partner,3
2025-06-23,Organic,32
2025-06-23,Google,24
2025-06-23,LinkedIn,15
2025-06-23,Facebook,5
2025-06-23,Referral,27
2025-06-23,Email,1
2025-06-23,Direct,4
2025-06-23,Partner,6
2025-06-24,Organic,32
2025-06-24,Google,25
2025-06-24,LinkedIn,21
2025-06-24,Facebook,10
2025-06-24,Referral,8
2025-06-24,Email,3
2025-06-24,Direct,0
2025-06-24,Partner,17
2025-06-25,Organic,37
2025-06-25,Google,25
2025-06-25,LinkedIn,10
2025-06-25,Facebook,8
2025-06-25,Referral,4
2025-06-25,Email,7
2025-06-25,Direct,10
2025-06-25,Partner,14
2025-06-26,Organic,48
2025-06-26,Google,19
2025-06-26,LinkedIn,4
2025-06-26,Facebook,8
2025-06-26,Referral,8
2025-06-26,Email,6
2025-06-26,Direct,0
2025-06-26,Partner,17
2025-06-27,Organic,44
2025-06-27,Google,28
2025-06-27,LinkedIn,31
2025-06-27,Facebook,10
2025-06-27,Referral,17
2025-06-27,Email,8
2025-06-27,Direct,2
2025-06-27,Partner,7
2025-06-28,Organic,24
2025-06-28,Google,18
2025-06-28,LinkedIn,17
2025-06-28,Facebook,2
2025-06-28,Referral,15
2025-06-28,Email,1
2025-06-28,Direct,9
2025-06-28,Partner,4
2025-06-29,Organic,28
2025-06-29,Google,34
2025-06-29,LinkedIn,9
2025-06-29,Facebook,5
2025-06-29,Referral,27
2025-06-29,Email,11
2025-06-29,Direct,7
2025-06-29,Partner,4
2025-06-30,Organic,27
2025-06-30,Google,29
2025-06-30,LinkedIn,14
2025-06-30,Facebook,10
2025-06-30,Referral,11
2025-06-30,Email,4
2025-06-30,Direct,3
2025-06-30,Partner,9
2025-07-01,Organic,29
2025-07-01,Google,24
2025-07-01,LinkedIn,12
2025-07-01,Facebook,6
2025-07-01,Referral,6
2025-07-01,Email,2
2025-07-01,Direct,5
2025-07-01,Partner,14
2025-07-02,Organic,29
2025-07-02,Google,24
2025-07-02,LinkedIn,2
2025-07-02,Facebook,8
2025-07-02,Referral,17
2025-07-02,Email,9
2025-07-02,Direct,14
2025-07-02,Partner,4
2025-07-03,Organic,40
2025-07-03,Google,24
2025-07-03,LinkedIn,21
2025-07-03,Facebook,10
2025-07-03,Referral,24
2025-07-03,Email,9
2025-07-03,Direct,0
2025-07-03,Partner,23
2025-07-04,Organic,21
2025-07-04,Google,17
2025-07-04,LinkedIn,20
2025-07-04,Facebook,2
2025-07-04,Referral,12
2025-07-04,Email,1
2025-07-04,Direct,3
2025-07-04,Partner,3
2025-07-05,Organic,43
2025-07-05,Google,21
2025-07-05,LinkedIn,19
2025-07-05,Facebook,13
2025-07-05,Referral,11
2025-07-05,Email,18
2025-07-05,Direct,7
2025-07-05,Partner,4
2025-07-06,Organic,43
2025-07-06,Google,17
2025-07-06,LinkedIn,3
2025-07-06,Facebook,8
2025-07-06,Referral,24
2025-07-06,Email,3
2025-07-06,Direct,0
2025-07-06,Partner,10
2025-07-07,Organic,32
2025-07-07,Google,24
2025-07-07,LinkedIn,13
2025-07-07,Facebook,9
2025-07-07,Referral,3
2025-07-07,Email,10
2025-07-07,Direct,6
2025-07-07,Partner,3
2025-07-08,Organic,32
2025-07-08,Google,15
2025-07-08,LinkedIn,5
2025-07-08,Facebook,8
2025-07-08,Referral,3
2025-07-08,Email,15
2025-07-08,Direct,3
2025-07-08,Partner,4
2025-07-09,Organic,24
2025-07-09,Google,28
2025-07-09,LinkedIn,12
2025-07-09,Facebook,8
2025-07-09,Referral,11
2025-07-09,Email,13
2025-07-09,Direct,6
2025-07-09,Partner,3
2025-07-10,Organic,32
2025-07-10,Google,15
2025-07-10,LinkedIn,10
2025-07-10,Facebook,8
2025-07-10,Referral,13
2025-07-10,Email,13
2025-07-10,Direct,5
2025-07-10,Partner,3
2025-07-11,Organic,40
2025-07-11,Google,32
2025-07-11,LinkedIn,23
2025-07-11,Facebook,9
2025-07-11,Referral,10
2025-07-11,Email,1
2025-07-11,Direct,9
2025-07-11,Partner,3
2025-07-12,Organic,32
2025-07-12,Google,18
2025-07-12,LinkedIn,17
2025-07-12,Facebook,8
2025-07-12,Referral,17
2025-07-12,Email,12
2025-07-12,Direct,2
2025-07-12,Partner,11
2025-07-13,Organic,36
2025-07-13,Google,25
2025-07-13,LinkedIn,15
2025-07-13,Facebook,7
2025-07-13,Referral,17
2025-07-13,Email,1
2025-07-13,Direct,5
2025-07-13,Partner,8
2025-07-14,Organic,35
2025-07-14,Google,26
2025-07-14,LinkedIn,17
2025-07-14,Facebook,13
2025-07-14,Referral,8
2025-07-14,Email,12
2025-07-14,Direct,9
2025-07-14,Partner,3
2025-07-15,Organic,32
2025-07-15,Google,15
2025-07-15,LinkedIn,22
2025-07-15,Facebook,12
2025-07-15,Referral,6
2025-07-15,Email,9
2025-07-15,Direct,12
2025-07-15,Partner,12
2025-07-16,Organic,41
2025-07-16,Google,16
2025-07-16,LinkedIn,7
2025-07-16,Facebook,8
2025-07-16,Referral,23
2025-07-16,Email,1
2025-07-16,Direct,0
2025-07-16,Partner,29
2025-07-17,Organic,29
2025-07-17,Google,18
2025-07-17,LinkedIn,19
2025-07-17,Facebook,11
2025-07-17,Referral,3
2025-07-17,Email,11
2025-07-17,Direct,5
2025-07-17,Partner,3
2025-07-18,Organic,33
2025-07-18,Google,23
2025-07-18,LinkedIn,18
2025-07-18,Facebook,10
2025-07-18,Referral,26
2025-07-18,Email,8
2025-07-18,Direct,4
2025-07-18,Partner,9
2025-07-19,Organic,29
2025-07-19,Google,23
2025-07-19,LinkedIn,14
2025-07-19,Facebook,16
2025-07-19,Referral,20
2025-07-19,Email,13
2025-07-19,Direct,3
2025-07-19,Partner,14
2025-07-20,Organic,31
2025-07-20,Google,15
2025-07-20,LinkedIn,4
2025-07-20,Facebook,12
2025-07-20,Referral,24
2025-07-20,Email,18
2025-07-20,Direct,4
2025-07-20,Partner,9
2025-07-21,Organic,38
2025-07-21,Google,21
2025-07-21,LinkedIn,24
2025-07-21,Facebook,6
2025-07-21,Referral,21
2025-07-21,Email,3
2025-07-21,Direct,9
2025-07-21,Partner,20
2025-07-22,Organic,39
2025-07-22,Google,9
2025-07-22,LinkedIn,23
2025-07-22,Facebook,5
2025-07-22,Referral,6
2025-07-22,Email,15
2025-07-22,Direct,6
2025-07-22,Partner,3
2025-07-23,Organic,25
2025-07-23,Google,23
2025-07-23,LinkedIn,23
2025-07-23,Facebook,7
2025-07-23,Referral,14
2025-07-23,Email,18
2025-07-23,Direct,6
2025-07-23,Partner,5
2025-07-24,Organic,40
2025-07-24,Google,21
2025-07-24,LinkedIn,18
2025-07-24,Facebook,7
2025-07-24,Referral,7
2025-07-24,Email,1
2025-07-24,Direct,7
2025-07-24,Partner,10
2025-07-25,Organic,40
2025-07-25,Google,21
2025-07-25,LinkedIn,17
2025-07-25,Facebook,11
2025-07-25,Referral,17
2025-07-25,Email,11
2025-07-25,Direct,2
2025-07-25,Partner,3
2025-07-26,Organic,43
2025-07-26,Google,25
2025-07-26,LinkedIn,12
2025-07-26,Facebook,12
2025-07-26,Referral,8
2025-07-26,Email,1
2025-07-26,Direct,7
2025-07-26,Partner,16
2025-07-27,Organic,40
2025-07-27,Google,17
2025-07-27,LinkedIn,18
2025-07-27,Facebook,14
2025-07-27,Referral,22
2025-07-27,Email,2
2025-07-27,Direct,3
2025-07-27,Partner,9
2025-07-28,Organic,36
2025-07-28,Google,15
2025-07-28,LinkedIn,9
2025-07-28,Facebook,8
2025-07-28,Referral,8
2025-07-28,Email,3
2025-07-28,Direct,10
2025-07-28,Partner,3
2025-07-29,Organic,32
2025-07-29,Google,21
2025-07-29,LinkedIn,4
2025-07-29,Facebook,10
2025-07-29,Referral,5
2025-07-29,Email,5
2025-07-29,Direct,12
2025-07-29,Partner,3
2025-07-30,Organic,45
2025-07-30,Google,21
2025-07-30,LinkedIn,8
2025-07-30,Facebook,10
2025-07-30,Referral,3
2025-07-30,Email,8
2025-07-30,Direct,5
2025-07-30,Partner,17
2025-07-31,Organic,32
2025-07-31,Google,15
2025-07-31,LinkedIn,2
2025-07-31,Facebook,9
2025-07-31,Referral,29
2025-07-31,Email,6
2025-07-31,Direct,1
2025-07-31,Partner,14
2025-08-01,Organic,41
2025-08-01,Google,22
2025-08-01,LinkedIn,15
2025-08-01,Facebook,8
2025-08-01,Referral,18
2025-08-01,Email,12
2025-08-01,Direct,4
2025-08-01,Partner,3
2025-08-02,Organic,54
2025-08-02,Google,30
2025-08-02,LinkedIn,29
2025-08-02,Facebook,6
2025-08-02,Referral,12
2025-08-02,Email,1
2025-08-02,Direct,6
2025-08-02,Partner,14
2025-08-03,Organic,40
2025-08-03,Google,24
2025-08-03,LinkedIn,22
2025-08-03,Facebook,5
2025-08-03,Referral,12
2025-08-03,Email,13
2025-08-03,Direct,9
2025-08-03,Partner,15
2025-08-04,Organic,40
2025-08-04,Google,15
2025-08-04,LinkedIn,9
2025-08-04,Facebook,2
2025-08-04,Referral,21
2025-08-04,Email,3
2025-08-04,Direct,7
2025-08-04,Partner,19
2025-08-05,Organic,27
2025-08-05,Google,29
2025-08-05,LinkedIn,19
2025-08-05,Facebook,15
2025-08-05,Referral,12
2025-08-05,Email,11
2025-08-05,Direct,5
2025-08-05,Partner,4
2025-08-06,Organic,39
2025-08-06,Google,18
2025-08-06,LinkedIn,22
2025-08-06,Facebook,12
2025-08-06,Referral,10
2025-08-06,Email,11
2025-08-06,Direct,11
2025-08-06,Partner,18
2025-08-07,Organic,32
2025-08-07,Google,17
2025-08-07,LinkedIn,13
2025-08-07,Facebook,10
2025-08-07,Referral,22
2025-08-07,Email,1
2025-08-07,Direct,2
2025-08-07,Partner,3
2025-08-08,Organic,32
2025-08-08,Google,16
2025-08-08,LinkedIn,8
2025-08-08,Facebook,10
2025-08-08,Referral,4
2025-08-08,Email,13
2025-08-08,Direct,10
2025-08-08,Partner,4
2025-08-09,Organic,33
2025-08-09,Google,19
2025-08-09,LinkedIn,4
2025-08-09,Facebook,6
2025-08-09,Referral,2
2025-08-09,Email,1
2025-08-09,Direct,8
2025-08-09,Partner,4
2025-08-10,Organic,34
2025-08-10,Google,15
2025-08-10,LinkedIn,18
2025-08-10,Facebook,15
2025-08-10,Referral,15
2025-08-10,Email,15
2025-08-10,Direct,5
2025-08-10,Partner,3
2025-08-11,Organic,30
2025-08-11,Google,21
2025-08-11,LinkedIn,4
2025-08-11,Facebook,8
2025-08-11,Referral,3
2025-08-11,Email,9
2025-08-11,Direct,9
2025-08-11,Partner,3
2025-08-12,Organic,40
2025-08-12,Google,28
2025-08-12,LinkedIn,9
2025-08-12,Facebook,8
2025-08-12,Referral,17
2025-08-12,Email,1
2025-08-12,Direct,2
2025-08-12,Partner,19
2025-08-13,Organic,43
2025-08-13,Google,24
2025-08-13,LinkedIn,30
2025-08-13,Facebook,10
2025-08-13,Referral,19
2025-08-13,Email,1
2025-08-13,Direct,8
2025-08-13,Partner,4
2025-08-14,Organic,34
2025-08-14,Google,16
2025-08-14,LinkedIn,12
2025-08-14,Facebook,7
2025-08-14,Referral,17
2025-08-14,Email,8
2025-08-14,Direct,0
2025-08-14,Partner,9
2025-08-15,Organic,39
2025-08-15,Google,31
2025-08-15,LinkedIn,22
2025-08-15,Facebook,14
2025-08-15,Referral,21
2025-08-15,Email,1
2025-08-15,Direct,9
2025-08-15,Partner,16
2025-08-16,Organic,32
2025-08-16,Google,20
2025-08-16,LinkedIn,9
2025-08-16,Facebook,12
2025-08-16,Referral,2
2025-08-16,Email,1
2025-08-16,Direct,7
2025-08-16,Partner,26
2025-08-17,Organic,28
2025-08-17,Google,24
2025-08-17,LinkedIn,18
2025-08-17,Facebook,17
2025-08-17,Referral,2
2025-08-17,Email,18
2025-08-17,Direct,4
2025-08-17,Partner,5
2025-08-18,Organic,36
2025-08-18,Google,27
2025-08-18,LinkedIn,9
2025-08-18,Facebook,5
2025-08-18,Referral,15
2025-08-18,Email,6
2025-08-18,Direct,5
2025-08-18,Partner,4
2025-08-19,Organic,31
2025-08-19,Google,24
2025-08-19,LinkedIn,22
2025-08-19,Facebook,13
2025-08-19,Referral,18
2025-08-19,Email,3
2025-08-19,Direct,6
2025-08-19,Partner,5
2025-08-20,Organic,38
2025-08-20,Google,24
2025-08-20,LinkedIn,18
2025-08-20,Facebook,5
2025-08-20,Referral,25
2025-08-20,Email,1
2025-08-20,Direct,11
2025-08-20,Partner,3
2025-08-21,Organic,26
2025-08-21,Google,18
2025-08-21,LinkedIn,27
2025-08-21,Facebook,4
2025-08-21,Referral,15
2025-08-21,Email,11
2025-08-21,Direct,4
2025-08-21,Partner,14
2025-08-22,Organic,32
2025-08-22,Google,28
2025-08-22,LinkedIn,27
2025-08-22,Facebook,13
2025-08-22,Referral,2
2025-08-22,Email,3
2025-08-22,Direct,7
2025-08-22,Partner,7
2025-08-23,Organic,46
2025-08-23,Google,20
2025-08-23,LinkedIn,20
2025-08-23,Facebook,12
2025-08-23,Referral,21
2025-08-23,Email,12
2025-08-23,Direct,3
2025-08-23,Partner,4
2025-08-24,Organic,30
2025-08-24,Google,12
2025-08-24,LinkedIn,8
2025-08-24,Facebook,13
2025-08-24,Referral,15
2025-08-24,Email,1
2025-08-24,Direct,15
2025-08-24,Partner,23
2025-08-25,Organic,35
2025-08-25,Google,15
2025-08-25,LinkedIn,9
2025-08-25,Facebook,7
2025-08-25,Referral,20
2025-08-25,Email,3
2025-08-25,Direct,7
2025-08-25,Partner,3
2025-08-26,Organic,38
2025-08-26,Google,21
2025-08-26,LinkedIn,22
2025-08-26,Facebook,10
2025-08-26,Referral,6
2025-08-26,Email,1
2025-08-26,Direct,3
2025-08-26,Partner,3
2025-08-27,Organic,24
2025-08-27,Google,23
2025-08-27,LinkedIn,16
2025-08-27,Facebook,9
2025-08-27,Referral,28
2025-08-27,Email,9
2025-08-27,Direct,6
2025-08-27,Partner,27
2025-08-28,Organic,39
2025-08-28,Google,18
2025-08-28,LinkedIn,9
2025-08-28,Facebook,10
2025-08-28,Referral,3
2025-08-28,Email,1
2025-08-28,Direct,11
2025-08-28,Partner,3
2025-08-29,Organic,30
2025-08-29,Google,21
2025-08-29,LinkedIn,3
2025-08-29,Facebook,4
2025-08-29,Referral,15
2025-08-29,Email,3
2025-08-29,Direct,7
2025-08-29,Partner,14
2025-08-30,Organic,32
2025-08-30,Google,28
2025-08-30,LinkedIn,19
2025-08-30,Facebook,9
2025-08-30,Referral,10
2025-08-30,Email,12
2025-08-30,Direct,2
2025-08-30,Partner,18
2025-08-31,Organic,37
2025-08-31,Google,24
2025-08-31,LinkedIn,25
2025-08-31,Facebook,8
2025-08-31,Referral,12
2025-08-31,Email,9
2025-08-31,Direct,6
2025-08-31,Partner,12
2025-09-01,Organic,44
2025-09-01,Google,21
2025-09-01,LinkedIn,4
2025-09-01,Facebook,5
2025-09-01,Referral,3
2025-09-01,Email,1
2025-09-01,Direct,7
2025-09-01,Partner,4
2025-09-02,Organic,25
2025-09-02,Google,24
2025-09-02,LinkedIn,9
2025-09-02,Facebook,11
2025-09-02,Referral,17
2025-09-02,Email,12
2025-09-02,Direct,4
2025-09-02,Partner,9
2025-09-03,Organic,25
2025-09-03,Google,31
2025-09-03,LinkedIn,11
2025-09-03,Facebook,5
2025-09-03,Referral,7
2025-09-03,Email,35
2025-09-03,Direct,14
2025-09-03,Partner,3
2025-09-04,Organic,40
2025-09-04,Google,14
2025-09-04,LinkedIn,8
2025-09-04,Facebook,8
2025-09-04,Referral,2
2025-09-04,Email,6
2025-09-04,Direct,16
2025-09-04,Partner,14
2025-09-05,Organic,40
2025-09-05,Google,21
2025-09-05,LinkedIn,22
2025-09-05,Facebook,10
2025-09-05,Referral,7
2025-09-05,Email,1
2025-09-05,Direct,11
2025-09-05,Partner,19
2025-09-06,Organic,32
2025-09-06,Google,13
2025-09-06,LinkedIn,29
2025-09-06,Facebook,15
2025-09-06,Referral,2
2025-09-06,Email,6
2025-09-06,Direct,6
2025-09-06,Partner,3
2025-09-07,Organic,48
2025-09-07,Google,33
2025-09-07,LinkedIn,2
2025-09-07,Facebook,10
2025-09-07,Referral,8
2025-09-07,Email,15
2025-09-07,Direct,0
2025-09-07,Partner,3
2025-09-08,Organic,37
2025-09-08,Google,24
2025-09-08,LinkedIn,4
2025-09-08,Facebook,6
2025-09-08,Referral,17
2025-09-08,Email,2
2025-09-08,Direct,15
2025-09-08,Partner,3
2025-09-09,Organic,35
2025-09-09,Google,28
2025-09-09,LinkedIn,2
2025-09-09,Facebook,8
2025-09-09,Referral,14
2025-09-09,Email,1
2025-09-09,Direct,9
2025-09-09,Partner,17
2025-09-10,Organic,40
2025-09-10,Google,30
2025-09-10,LinkedIn,17
2025-09-10,Facebook,9
2025-09-10,Referral,19
2025-09-10,Email,5
2025-09-10,Direct,3
2025-09-10,Partner,11
2025-09-11,Organic,29
2025-09-11,Google,17
2025-09-11,LinkedIn,8
2025-09-11,Facebook,13
2025-09-11,Referral,8
2025-09-11,Email,1
2025-09-11,Direct,0
2025-09-11,Partner,13
2025-09-12,Organic,36
2025-09-12,Google,18
2025-09-12,LinkedIn,27
2025-09-12,Facebook,8
2025-09-12,Referral,2
2025-09-12,Email,4
2025-09-12,Direct,4
2025-09-12,Partner,16
2025-09-13,Organic,28
2025-09-13,Google,21
2025-09-13,LinkedIn,15
2025-09-13,Facebook,10
2025-09-13,Referral,2
2025-09-13,Email,3
2025-09-13,Direct,0
2025-09-13,Partner,3
2025-09-14,Organic,40
2025-09-14,Google,24
2025-09-14,LinkedIn,28
2025-09-14,Facebook,14
2025-09-14,Referral,4
2025-09-14,Email,1
2025-09-14,Direct,10
2025-09-14,Partner,8
2025-09-15,Organic,32
2025-09-15,Google,29
2025-09-15,LinkedIn,10
2025-09-15,Facebook,7
2025-09-15,Referral,23
2025-09-15,Email,3
2025-09-15,Direct,2
2025-09-15,Partner,6
2025-09-16,Organic,36
2025-09-16,Google,23
2025-09-16,LinkedIn,22
2025-09-16,Facebook,8
2025-09-16,Referral,3
2025-09-16,Email,9
2025-09-16,Direct,11
2025-09-16,Partner,24
2025-09-17,Organic,40
2025-09-17,Google,18
2025-09-17,LinkedIn,2
2025-09-17,Facebook,8
2025-09-17,Referral,29
2025-09-17,Email,1
2025-09-17,Direct,2
2025-09-17,Partner,25
2025-09-18,Organic,29
2025-09-18,Google,28
2025-09-18,LinkedIn,26
2025-09-18,Facebook,15
2025-09-18,Referral,17
2025-09-18,Email,22
2025-09-18,Direct,7
2025-09-18,Partner,7
2025-09-19,Organic,28
2025-09-19,Google,14
2025-09-19,LinkedIn,13
2025-09-19,Facebook,0
2025-09-19,Referral,3
2025-09-19,Email,9
2025-09-19,Direct,9
2025-09-19,Partner,3
2025-09-20,Organic,28
2025-09-20,Google,30
2025-09-20,LinkedIn,13
2025-09-20,Facebook,6
2025-09-20,Referral,20
2025-09-20,Email,7
2025-09-20,Direct,5
2025-09-20,Partner,9
2025-09-21,Organic,27
2025-09-21,Google,18
2025-09-21,LinkedIn,15
2025-09-21,Facebook,4
2025-09-21,Referral,3
2025-09-21,Email,9
2025-09-21,Direct,2
2025-09-21,Partner,3
2025-09-22,Organic,41
2025-09-22,Google,23
2025-09-22,LinkedIn,2
2025-09-22,Facebook,6
2025-09-22,Referral,19
2025-09-22,Email,4
2025-09-22,Direct,4
2025-09-22,Partner,3
2025-09-23,Organic,40
2025-09-23,Google,14
2025-09-23,LinkedIn,2
2025-09-23,Facebook,10
2025-09-23,Referral,15
2025-09-23,Email,3
2025-09-23,Direct,10
2025-09-23,Partner,9
2025-09-24,Organic,30
2025-09-24,Google,21
2025-09-24,LinkedIn,2
2025-09-24,Facebook,17
2025-09-24,Referral,26
2025-09-24,Email,3
2025-09-24,Direct,6
2025-09-24,Partner,4
2025-09-25,Organic,40
2025-09-25,Google,25
2025-09-25,LinkedIn,22
2025-09-25,Facebook,10
2025-09-25,Referral,29
2025-09-25,Email,1
2025-09-25,Direct,10
2025-09-25,Partner,19
2025-09-26,Organic,38
2025-09-26,Google,13
2025-09-26,LinkedIn,9
2025-09-26,Facebook,5
2025-09-26,Referral,7
2025-09-26,Email,10
2025-09-26,Direct,9
2025-09-26,Partner,6
2025-09-27,Organic,43
2025-09-27,Google,28
2025-09-27,LinkedIn,21
2025-09-27,Facebook,15
2025-09-27,Referral,15
2025-09-27,Email,4
2025-09-27,Direct,1
2025-09-27,Partner,3
2025-09-28,Organic,40
2025-09-28,Google,24
2025-09-28,LinkedIn,6
2025-09-28,Facebook,15
2025-09-28,Referral,31
2025-09-28,Email,5
2025-09-28,Direct,2
2025-09-28,Partner,15
2025-09-29,Organic,41
2025-09-29,Google,31
2025-09-29,LinkedIn,14
2025-09-29,Facebook,10
2025-09-29,Referral,22
2025-09-29,Email,6
2025-09-29,Direct,2
2025-09-29,Partner,12
2025-09-30,Organic,33
2025-09-30,Google,24
2025-09-30,LinkedIn,18
2025-09-30,Facebook,8
2025-09-30,Referral,6
2025-09-30,Email,5
2025-09-30,Direct,15
2025-09-30,Partner,14
2025-10-01,Organic,28
2025-10-01,Google,21
2025-10-01,LinkedIn,27
2025-10-01,Facebook,8
2025-10-01,Referral,15
2025-10-01,Email,1
2025-10-01,Direct,3
2025-10-01,Partner,11
2025-10-02,Organic,32
2025-10-02,Google,28
2025-10-02,LinkedIn,19
2025-10-02,Facebook,10
2025-10-02,Referral,14
2025-10-02,Email,6
2025-10-02,Direct,6
2025-10-02,Partner,3
2025-10-03,Organic,41
2025-10-03,Google,22
2025-10-03,LinkedIn,27
2025-10-03,Facebook,15
2025-10-03,Referral,11
2025-10-03,Email,5
2025-10-03,Direct,0
2025-10-03,Partner,14
2025-10-04,Organic,36
2025-10-04,Google,18
2025-10-04,LinkedIn,2
2025-10-04,Facebook,10
2025-10-04,Referral,15
2025-10-04,Email,6
2025-10-04,Direct,3
2025-10-04,Partner,3
2025-10-05,Organic,24
2025-10-05,Google,21
2025-10-05,LinkedIn,32
2025-10-05,Facebook,6
2025-10-05,Referral,27
2025-10-05,Email,15
2025-10-05,Direct,8
2025-10-05,Partner,9
2025-10-06,Organic,36
2025-10-06,Google,20
2025-10-06,LinkedIn,16
2025-10-06,Facebook,13
2025-10-06,Referral,6
2025-10-06,Email,16
2025-10-06,Direct,7
2025-10-06,Partner,15
2025-10-07,Organic,50
2025-10-07,Google,15
2025-10-07,LinkedIn,3
2025-10-07,Facebook,11
2025-10-07,Referral,5
2025-10-07,Email,9
2025-10-07,Direct,10
2025-10-07,Partner,3
2025-10-08,Organic,29
2025-10-08,Google,31
2025-10-08,LinkedIn,24
2025-10-08,Facebook,8
2025-10-08,Referral,10
2025-10-08,Email,1
2025-10-08,Direct,5
2025-10-08,Partner,4
2025-10-09,Organic,38
2025-10-09,Google,21
2025-10-09,LinkedIn,18
2025-10-09,Facebook,6
2025-10-09,Referral,19
2025-10-09,Email,5
2025-10-09,Direct,12
2025-10-09,Partner,13
2025-10-10,Organic,28
2025-10-10,Google,15
2025-10-10,LinkedIn,27
2025-10-10,Facebook,9
2025-10-10,Referral,13
2025-10-10,Email,15
2025-10-10,Direct,3
2025-10-10,Partner,3
2025-10-11,Organic,47
2025-10-11,Google,19
2025-10-11,LinkedIn,9
2025-10-11,Facebook,6
2025-10-11,Referral,19
2025-10-11,Email,19
2025-10-11,Direct,10
2025-10-11,Partner,9
2025-10-12,Organic,31
2025-10-12,Google,21
2025-10-12,LinkedIn,18
2025-10-12,Facebook,11
2025-10-12,Referral,20
2025-10-12,Email,3
2025-10-12,Direct,8
2025-10-12,Partner,23
2025-10-13,Organic,36
2025-10-13,Google,23
2025-10-13,LinkedIn,17
2025-10-13,Facebook,9
2025-10-13,Referral,19
2025-10-13,Email,11
2025-10-13,Direct,12
2025-10-13,Partner,9
2025-10-14,Organic,28
2025-10-14,Google,18
2025-10-14,LinkedIn,15
2025-10-14,Facebook,11
2025-10-14,Referral,12
2025-10-14,Email,7
2025-10-14,Direct,0
2025-10-14,Partner,9
2025-10-15,Organic,30
2025-10-15,Google,21
2025-10-15,LinkedIn,8
2025-10-15,Facebook,7
2025-10-15,Referral,2
2025-10-15,Email,1
2025-10-15,Direct,9
2025-10-15,Partner,10
2025-10-16,Organic,40
2025-10-16,Google,25
2025-10-16,LinkedIn,7
2025-10-16,Facebook,8
2025-10-16,Referral,3
2025-10-16,Email,15
2025-10-16,Direct,3
2025-10-16,Partner,10
2025-10-17,Organic,38
2025-10-17,Google,15
2025-10-17,LinkedIn,27
2025-10-17,Facebook,11
2025-10-17,Referral,15
2025-10-17,Email,1
2025-10-17,Direct,3
2025-10-17,Partner,16
2025-10-18,Organic,32
2025-10-18,Google,17
2025-10-18,LinkedIn,25
2025-10-18,Facebook,4
2025-10-18,Referral,11
2025-10-18,Email,9
2025-10-18,Direct,11
2025-10-18,Partner,6
2025-10-19,Organic,36
2025-10-19,Google,26
2025-10-19,LinkedIn,4
2025-10-19,Facebook,13
2025-10-19,Referral,25
2025-10-19,Email,1
2025-10-19,Direct,4
2025-10-19,Partner,5
2025-10-20,Organic,30
2025-10-20,Google,20
2025-10-20,LinkedIn,2
2025-10-20,Facebook,15
2025-10-20,Referral,3
2025-10-20,Email,9
2025-10-20,Direct,6
2025-10-20,Partner,8
2025-10-21,Organic,40
2025-10-21,Google,18
2025-10-21,LinkedIn,4
2025-10-21,Facebook,10
2025-10-21,Referral,18
2025-10-21,Email,3
2025-10-21,Direct,0
2025-10-21,Partner,5
2025-10-22,Organic,32
2025-10-22,Google,27
2025-10-22,LinkedIn,6
2025-10-22,Facebook,8
2025-10-22,Referral,21
2025-10-22,Email,5
2025-10-22,Direct,0
2025-10-22,Partner,3
2025-10-23,Organic,47
2025-10-23,Google,22
2025-10-23,LinkedIn,2
2025-10-23,Facebook,16
2025-10-23,Referral,21
2025-10-23,Email,1
2025-10-23,Direct,7
2025-10-23,Partner,7
2025-10-24,Organic,33
2025-10-24,Google,18
2025-10-24,LinkedIn,9
2025-10-24,Facebook,13
2025-10-24,Referral,11
2025-10-24,Email,5
2025-10-24,Direct,0
2025-10-24,Partner,3
2025-10-25,Organic,40
2025-10-25,Google,18
2025-10-25,LinkedIn,7
2025-10-25,Facebook,15
2025-10-25,Referral,5
2025-10-25,Email,3
2025-10-25,Direct,12
2025-10-25,Partner,29
2025-10-26,Organic,30
2025-10-26,Google,27
2025-10-26,LinkedIn,3
2025-10-26,Facebook,5
2025-10-26,Referral,2
2025-10-26,Email,1
2025-10-26,Direct,8
2025-10-26,Partner,12
2025-10-27,Organic,25
2025-10-27,Google,26
2025-10-27,LinkedIn,22
2025-10-27,Facebook,10
2025-10-27,Referral,2
2025-10-27,Email,2
2025-10-27,Direct,10
2025-10-27,Partner,14
2025-10-28,Organic,31
2025-10-28,Google,21
2025-10-28,LinkedIn,13
2025-10-28,Facebook,7
2025-10-28,Referral,2
2025-10-28,Email,7
2025-10-28,Direct,3
2025-10-28,Partner,3
2025-10-29,Organic,44
2025-10-29,Google,19
2025-10-29,LinkedIn,6
2025-10-29,Facebook,8
2025-10-29,Referral,7
2025-10-29,Email,3
2025-10-29,Direct,0
2025-10-29,Partner,24
2025-10-30,Organic,38
2025-10-30,Google,21
2025-10-30,LinkedIn,23
2025-10-30,Facebook,13
2025-10-30,Referral,21
2025-10-30,Email,9
2025-10-30,Direct,3
2025-10-30,Partner,11
2025-10-31,Organic,32
2025-10-31,Google,13
2025-10-31,LinkedIn,12
2025-10-31,Facebook,11
2025-10-31,Referral,17
2025-10-31,Email,3
2025-10-31,Direct,6
2025-10-31,Partner,3
2025-11-01,Organic,46
2025-11-01,Google,17
2025-11-01,LinkedIn,9
2025-11-01,Facebook,0
2025-11-01,Referral,25
2025-11-01,Email,11
2025-11-01,Direct,3
2025-11-01,Partner,5
2025-11-02,Organic,32
2025-11-02,Google,20
2025-11-02,LinkedIn,15
2025-11-02,Facebook,11
2025-11-02,Referral,2
2025-11-02,Email,2
2025-11-02,Direct,9
2025-11-02,Partner,3
2025-11-03,Organic,41
2025-11-03,Google,21
2025-11-03,LinkedIn,20
2025-11-03,Facebook,4
2025-11-03,Referral,7
2025-11-03,Email,1
2025-11-03,Direct,0
2025-11-03,Partner,19
2025-11-04,Organic,45
2025-11-04,Google,21
2025-11-04,LinkedIn,11
2025-11-04,Facebook,10
2025-11-04,Referral,17
2025-11-04,Email,11
2025-11-04,Direct,0
2025-11-04,Partner,3
2025-11-05,Organic,35
2025-11-05,Google,26
2025-11-05,LinkedIn,14
2025-11-05,Facebook,6
2025-11-05,Referral,2
2025-11-05,Email,7
2025-11-05,Direct,6
2025-11-05,Partner,3
2025-11-06,Organic,36
2025-11-06,Google,15
2025-11-06,LinkedIn,2
2025-11-06,Facebook,13
2025-11-06,Referral,15
2025-11-06,Email,11
2025-11-06,Direct,0
2025-11-06,Partner,3
2025-11-07,Organic,32
2025-11-07,Google,21
2025-11-07,LinkedIn,21
2025-11-07,Facebook,17
2025-11-07,Referral,19
2025-11-07,Email,12
2025-11-07,Direct,12
2025-11-07,Partner,3
2025-11-08,Organic,31
2025-11-08,Google,24
2025-11-08,LinkedIn,28
2025-11-08,Facebook,10
2025-11-08,Referral,2
2025-11-08,Email,14
2025-11-08,Direct,6
2025-11-08,Partner,5
2025-11-09,Organic,42
2025-11-09,Google,22
2025-11-09,LinkedIn,5
2025-11-09,Facebook,13
2025-11-09,Referral,2
2025-11-09,Email,15
2025-11-09,Direct,9
2025-11-09,Partner,11
2025-11-10,Organic,29
2025-11-10,Google,28
2025-11-10,LinkedIn,4
2025-11-10,Facebook,4
2025-11-10,Referral,22
2025-11-10,Email,10
2025-11-10,Direct,12
2025-11-10,Partner,4
2025-11-11,Organic,43
2025-11-11,Google,18
2025-11-11,LinkedIn,2
2025-11-11,Facebook,9
2025-11-11,Referral,4
2025-11-11,Email,1
2025-11-11,Direct,5
2025-11-11,Partner,9
2025-11-12,Organic,47
2025-11-12,Google,16
2025-11-12,LinkedIn,10
2025-11-12,Facebook,10
2025-11-12,Referral,21
2025-11-12,Email,6
2025-11-12,Direct,0
2025-11-12,Partner,3
2025-11-13,Organic,32
2025-11-13,Google,24
2025-11-13,LinkedIn,14
2025-11-13,Facebook,7
2025-11-13,Referral,12
2025-11-13,Email,16
2025-11-13,Direct,3
2025-11-13,Partner,4
2025-11-14,Organic,36
2025-11-14,Google,18
2025-11-14,LinkedIn,21
2025-11-14,Facebook,8
2025-11-14,Referral,5
2025-11-14,Email,12
2025-11-14,Direct,7
2025-11-14,Partner,6
2025-11-15,Organic,36
2025-11-15,Google,21
2025-11-15,LinkedIn,13
2025-11-15,Facebook,13
2025-11-15,Referral,21
2025-11-15,Email,15
2025-11-15,Direct,7
2025-11-15,Partner,14
2025-11-16,Organic,31
2025-11-16,Google,24
2025-11-16,LinkedIn,4
2025-11-16,Facebook,8
2025-11-16,Referral,17
2025-11-16,Email,1
2025-11-16,Direct,7
2025-11-16,Partner,3
2025-11-17,Organic,43
2025-11-17,Google,29
2025-11-17,LinkedIn,22
2025-11-17,Facebook,7
2025-11-17,Referral,11
2025-11-17,Email,6
2025-11-17,Direct,0
2025-11-17,Partner,11
2025-11-18,Organic,48
2025-11-18,Google,20
2025-11-18,LinkedIn,4
2025-11-18,Facebook,5
2025-11-18,Referral,6
2025-11-18,Email,13
2025-11-18,Direct,6
2025-11-18,Partner,12
2025-11-19,Organic,30
2025-11-19,Google,18
2025-11-19,LinkedIn,13
2025-11-19,Facebook,1
2025-11-19,Referral,17
2025-11-19,Email,18
2025-11-19,Direct,5
2025-11-19,Partner,4
2025-11-20,Organic,33
2025-11-20,Google,24
2025-11-20,LinkedIn,2
2025-11-20,Facebook,10
2025-11-20,Referral,6
2025-11-20,Email,18
2025-11-20,Direct,3
2025-11-20,Partner,4
2025-11-21,Organic,37
2025-11-21,Google,24
2025-11-21,LinkedIn,13
2025-11-21,Facebook,15
2025-11-21,Referral,19
2025-11-21,Email,1
2025-11-21,Direct,0
2025-11-21,Partner,4
2025-11-22,Organic,36
2025-11-22,Google,24
2025-11-22,LinkedIn,22
2025-11-22,Facebook,12
2025-11-22,Referral,17
2025-11-22,Email,2
2025-11-22,Direct,2
2025-11-22,Partner,3
2025-11-23,Organic,30
2025-11-23,Google,27
2025-11-23,LinkedIn,2
2025-11-23,Facebook,10
2025-11-23,Referral,7
2025-11-23,Email,22
2025-11-23,Direct,15
2025-11-23,Partner,9
2025-11-24,Organic,32
2025-11-24,Google,28
2025-11-24,LinkedIn,2
2025-11-24,Facebook,2
2025-11-24,Referral,11
2025-11-24,Email,11
2025-11-24,Direct,9
2025-11-24,Partner,3
2025-11-25,Organic,24
2025-11-25,Google,17
2025-11-25,LinkedIn,14
2025-11-25,Facebook,13
2025-11-25,Referral,19
2025-11-25,Email,1
2025-11-25,Direct,15
2025-11-25,Partner,3
2025-11-26,Organic,40
2025-11-26,Google,24
2025-11-26,LinkedIn,18
2025-11-26,Facebook,8
2025-11-26,Referral,2
2025-11-26,Email,6
2025-11-26,Direct,0
2025-11-26,Partner,17
2025-11-27,Organic,28
2025-11-27,Google,25
2025-11-27,LinkedIn,14
2025-11-27,Facebook,8
2025-11-27,Referral,24
2025-11-27,Email,15
2025-11-27,Direct,17
2025-11-27,Partner,4
2025-11-28,Organic,34
2025-11-28,Google,16
2025-11-28,LinkedIn,6
2025-11-28,Facebook,11
2025-11-28,Referral,17
2025-11-28,Email,2
2025-11-28,Direct,11
2025-11-28,Partner,3
2025-11-29,Organic,40
2025-11-29,Google,24
2025-11-29,LinkedIn,34
2025-11-29,Facebook,8
2025-11-29,Referral,9
2025-11-29,Email,7
2025-11-29,Direct,4
2025-11-29,Partner,16
2025-11-30,Organic,38
2025-11-30,Google,20
2025-11-30,LinkedIn,3
2025-11-30,Facebook,10
2025-11-30,Referral,7
2025-11-30,Email,11
2025-11-30,Direct,3
2025-11-30,Partner,15
2025-12-01,Organic,31
2025-12-01,Google,21
2025-12-01,LinkedIn,15
2025-12-01,Facebook,0
2025-12-01,Referral,12
2025-12-01,Email,17
2025-12-01,Direct,5
2025-12-01,Partner,12
2025-12-02,Organic,27
2025-12-02,Google,18
2025-12-02,LinkedIn,8
2025-12-02,Facebook,8
2025-12-02,Referral,17
2025-12-02,Email,1
2025-12-02,Direct,3
2025-12-02,Partner,3
2025-12-03,Organic,27
2025-12-03,Google,24
2025-12-03,LinkedIn,5
2025-12-03,Facebook,8
2025-12-03,Referral,8
2025-12-03,Email,1
2025-12-03,Direct,6
2025-12-03,Partner,20
2025-12-04,Organic,35
2025-12-04,Google,17
2025-12-04,LinkedIn,29
2025-12-04,Facebook,5
2025-12-04,Referral,20
2025-12-04,Email,15
2025-12-04,Direct,0
2025-12-04,Partner,11
2025-12-05,Organic,40
2025-12-05,Google,14
2025-12-05,LinkedIn,3
2025-12-05,Facebook,6
2025-12-05,Referral,11
2025-12-05,Email,1
2025-12-05,Direct,10
2025-12-05,Partner,3
2025-12-06,Organic,39
2025-12-06,Google,21
2025-12-06,LinkedIn,4
2025-12-06,Facebook,9
2025-12-06,Referral,6
2025-12-06,Email,1
2025-12-06,Direct,0
2025-12-06,Partner,26
2025-12-07,Organic,44
2025-12-07,Google,20
2025-12-07,LinkedIn,27
2025-12-07,Facebook,6
2025-12-07,Referral,20
2025-12-07,Email,1
2025-12-07,Direct,3
2025-12-07,Partner,11
2025-12-08,Organic,24
2025-12-08,Google,17
2025-12-08,LinkedIn,2
2025-12-08,Facebook,10
2025-12-08,Referral,2
2025-12-08,Email,16
2025-12-08,Direct,5
2025-12-08,Partner,3
2025-12-09,Organic,36
2025-12-09,Google,17
2025-12-09,LinkedIn,11
2025-12-09,Facebook,8
2025-12-09,Referral,25
2025-12-09,Email,21
2025-12-09,Direct,7
2025-12-09,Partner,6
2025-12-10,Organic,33
2025-12-10,Google,24
2025-12-10,LinkedIn,35
2025-12-10,Facebook,8
2025-12-10,Referral,5
2025-12-10,Email,18
2025-12-10,Direct,2
2025-12-10,Partner,14
2025-12-11,Organic,34
2025-12-11,Google,27
2025-12-11,LinkedIn,17
2025-12-11,Facebook,10
2025-12-11,Referral,21
2025-12-11,Email,3
2025-12-11,Direct,9
2025-12-11,Partner,14
2025-12-12,Organic,40
2025-12-12,Google,11
2025-12-12,LinkedIn,21
2025-12-12,Facebook,15
2025-12-12,Referral,6
2025-12-12,Email,1
2025-12-12,Direct,7
2025-12-12,Partner,3
2025-12-13,Organic,24
2025-12-13,Google,21
2025-12-13,LinkedIn,2
2025-12-13,Facebook,3
2025-12-13,Referral,12
2025-12-13,Email,15
2025-12-13,Direct,4
2025-12-13,Partner,3
2025-12-14,Organic,44
2025-12-14,Google,21
2025-12-14,LinkedIn,7
2025-12-14,Facebook,5
2025-12-14,Referral,2
2025-12-14,Email,1
2025-12-14,Direct,4
2025-12-14,Partner,22
2025-12-15,Organic,28
2025-12-15,Google,28
2025-12-15,LinkedIn,9
2025-12-15,Facebook,8
2025-12-15,Referral,2
2025-12-15,Email,1
2025-12-15,Direct,12
2025-12-15,Partner,4
2025-12-16,Organic,37
2025-12-16,Google,23
2025-12-16,LinkedIn,13
2025-12-16,Facebook,7
2025-12-16,Referral,19
2025-12-16,Email,11
2025-12-16,Direct,5
2025-12-16,Partner,14
2025-12-17,Organic,29
2025-12-17,Google,29
2025-12-17,LinkedIn,2
2025-12-17,Facebook,15
2025-12-17,Referral,9
2025-12-17,Email,3
2025-12-17,Direct,5
2025-12-17,Partner,13
2025-12-18,Organic,36
2025-12-18,Google,18
2025-12-18,LinkedIn,9
2025-12-18,Facebook,4
2025-12-18,Referral,22
2025-12-18,Email,1
2025-12-18,Direct,6
2025-12-18,Partner,11
2025-12-19,Organic,26
2025-12-19,Google,18
2025-12-19,LinkedIn,4
2025-12-19,Facebook,13
2025-12-19,Referral,16
2025-12-19,Email,1
2025-12-19,Direct,6
2025-12-19,Partner,13
2025-12-20,Organic,33
2025-12-20,Google,14
2025-12-20,LinkedIn,27
2025-12-20,Facebook,5
2025-12-20,Referral,11
2025-12-20,Email,1
2025-12-20,Direct,6
2025-12-20,Partner,14
2025-12-21,Organic,29
2025-12-21,Google,28
2025-12-21,LinkedIn,9
2025-12-21,Facebook,5
2025-12-21,Referral,12
2025-12-21,Email,7
2025-12-21,Direct,9
2025-12-21,Partner,19
2025-12-22,Organic,28
2025-12-22,Google,18
2025-12-22,LinkedIn,3
2025-12-22,Facebook,7
2025-12-22,Referral,16
2025-12-22,Email,7
2025-12-22,Direct,7
2025-12-22,Partner,7
2025-12-23,Organic,30
2025-12-23,Google,16
2025-12-23,LinkedIn,21
2025-12-23,Facebook,2
2025-12-23,Referral,22
2025-12-23,Email,2
2025-12-23,Direct,6
2025-12-23,Partner,21
2025-12-24,Organic,41
2025-12-24,Google,23
2025-12-24,LinkedIn,12
2025-12-24,Facebook,8
2025-12-24,Referral,18
2025-12-24,Email,1
2025-12-24,Direct,10
2025-12-24,Partner,3
2025-12-25,Organic,45
2025-12-25,Google,24
2025-12-25,LinkedIn,22
2025-12-25,Facebook,11
2025-12-25,Referral,16
2025-12-25,Email,3
2025-12-25,Direct,5
2025-12-25,Partner,3
2025-12-26,Organic,35
2025-12-26,Google,17
2025-12-26,LinkedIn,10
2025-12-26,Facebook,8
2025-12-26,Referral,17
2025-12-26,Email,13
2025-12-26,Direct,6
2025-12-26,Partner,6
2025-12-27,Organic,36
2025-12-27,Google,24
2025-12-27,LinkedIn,4
2025-12-27,Facebook,10
2025-12-27,Referral,2
2025-12-27,Email,9
2025-12-27,Direct,11
2025-12-27,Partner,11
2025-12-28,Organic,27
2025-12-28,Google,19
2025-12-28,LinkedIn,22
2025-12-28,Facebook,5
2025-12-28,Referral,8
2025-12-28,Email,9
2025-12-28,Direct,7
2025-12-28,Partner,12
2025-12-29,Organic,36
2025-12-29,Google,19
2025-12-29,LinkedIn,15
2025-12-29,Facebook,5
2025-12-29,Referral,19
2025-12-29,Email,3
2025-12-29,Direct,6
2025-12-29,Partner,7
2025-12-30,Organic,40
2025-12-30,Google,18
2025-12-30,LinkedIn,27
2025-12-30,Facebook,10
2025-12-30,Referral,5
2025-12-30,Email,1
2025-12-30,Direct,5
2025-12-30,Partner,3
2025-12-31,Organic,28
2025-12-31,Google,24
2025-12-31,LinkedIn,13
2025-12-31,Facebook,6
2025-12-31,Referral,7
2025-12-31,Email,5
2025-12-31,Direct,3
2025-12-31,Partner,7
